user_id,destination_id,rating,visited_season,name_user,age,home_city,persona,preferred_categories,preferred_budget,liked_most,bad_thing,suggestion,would_recommend,travel_companion,trip_duration_days,review_date,stayed_in_hotel,accommodation_type,hotel_name,hotel_review
68,15,3,winter,Rida,26,Mymensingh,Cloud Chaser,hill,high,the cool weather and cloud views,"rough, poorly maintained roads up",add more resting benches along the trail,Yes,Family,3,1/17/2025,Yes,Resort,Green Old Dhaka Hill Resort,Bed was comfortable but the bathroom needed better upkeep.
95,32,3,winter,Imran,26,Sylhet,Waterfall Hunter,waterfall,medium,swimming in the cold water,vendors overcharging tourists,regulate vendor pricing,Yes,Friends,4,3/25/2026,Yes,Mid-range Hotel,Golden Cox's Bazar Forest Retreat,"Decent stay overall, room was okay but a bit noisy at night."
84,33,4,monsoon,Ishika,,Chattogram,Cloud Chaser,hill,medium,the cool weather and cloud views,"Nothing major, just some crowd noise.","Keep it as it is, maybe add more benches.",Yes,Friends,1,4/25/2025,No,Day trip (no stay),,
103,4,4,,Meherin,22,Rangpur,Heritage Nerd,heritage,low,the history and old architecture,Just wished it was less busy.,"Keep it as it is, maybe add more benches.",Yes,Friends,2,7/14/2026,Yes,Mid-range Hotel,Grand Rangamati Old Town Residency,"Loved the view from the room, staff went out of their way to help."
30,13,3,,Ayesha,20,Rangpur,Chai & Chill,tea-garden,high,the seven-layer tea stalls,limited entry without a guide,add rest stops along the route,Maybe,Friends,2,1/16/2025,Yes,Budget Hotel,Golden Mahasthangarh Garden View Inn,"Decent stay overall, room was okay but a bit noisy at night."
63,24,4,winter,Lamia,24,Sylhet,Beach Baddie,beach|island,high,the fresh seafood nearby,"Nothing major, just some crowd noise.",Just add a few more trash bins.,Yes,Partner,2,11/4/2025,Yes,Mid-range Hotel,Royal Bhimruli Floating Market Sea View,"Clean rooms, friendly staff, and great location - would stay again."
61,18,3,summer,Sabbir,21,Dhaka,Waterfall Hunter,waterfall,low,the trek through the forest to reach it,vendors overcharging tourists,limit visitor numbers during peak hours,Yes,,2,12/18/2025,Yes,Cottage,City Srimangal Nature Lodge,Location was convenient but the room could use some updating.
9,38,2,,Tanvir,26,Chattogram,Beach Baddie,beach|island,high,the fresh seafood nearby,aggressive hawkers,enforce stricter littering fines,Maybe,Family,3,8/6/2025,Yes,Mid-range Hotel,Sea Pearl Baldha Garden Sea View,"AC barely worked and the walls were thin, could hear everything."
42,16,2,summer,Mim,26,Dhaka,Jungle Junkie,forest|wetland,high,the wildlife spotting,very limited facilities,improve trail markers,Maybe,Friends,5,5/11/2026,,Luxury Hotel,Hill View Lalbagh Fort Nature Camp,"AC barely worked and the walls were thin, could hear everything."
1,30,2,winter,Sabbir,26,Chattogram,Chai & Chill,tea-garden,high,the endless green fields,long drive with no rest stops,manage weekend crowd flow better,Maybe,Family,3,4/25/2025,Yes,Mid-range Hotel,City Comilla Garden View Inn,"Room wasn't as clean as expected, wouldn't book again."
62,17,3,summer,Tasnim,26,Rajshahi,Chai & Chill,tea-garden,medium,the seven-layer tea stalls,crowded on weekends,manage weekend crowd flow better,Yes,Friends,1,4/16/2025,No,Day trip (no stay),,
86,31,3,monsoon,Sabbir,24,Khulna,Street Food Explorer,urban,low,the street food,pickpocket warnings from locals,reduce entry congestion during rush hour,Yes,Solo,1,7/15/2026,No,Day trip (no stay),,
90,33,3,winter,Orin,,Chattogram,Waterfall Hunter,waterfall,low,the sound of the falls,slippery rocks with no railing,add safety railings near the rocks,Maybe,Family,1,3/6/2026,Yes,Budget Hotel,The Teknaf Falls View Cottage,Bed was comfortable but the bathroom needed better upkeep.
114,35,4,summer,Zayan,20,Rangpur,Chai & Chill,tea-garden,high,the seven-layer tea stalls,Just wished it was less busy.,"Keep it as it is, maybe add more benches.",Yes,Family,3,5/2/2026,Yes,Mid-range Hotel,Sea Pearl Foy's Lake Garden View Inn,"Great value for the price, quiet and well maintained."
39,5,3,any,Tanvir,19,Mymensingh,Off-Grid Wanderer,island|wetland,medium,the peace and quiet,expensive private boat fares,,Yes,Family,5,4/6/2025,Yes,Resort,Sea Pearl Sundarbans Coastal Inn,"Staff were helpful, though check-in took longer than expected."
34,24,5,summer,Sadia,19,Rajshahi,Off-Grid Wanderer,island|wetland,low,the peace and quiet,"A few minor inconveniences, nothing serious.",Just add a few more trash bins.,Yes,Friends,1,6/25/2026,No,Day trip (no stay),,
18,33,3,monsoon,Sabbir,19,Khulna,Off-Grid Wanderer,island|wetland,high,the boat ride over,expensive private boat fares,cap private boat fares,Yes,Friends,1,5/13/2025,,Day trip (no stay),,
113,7,4,monsoon,Tasnim,22,Rajshahi,Cloud Chaser,hill,high,the cool weather and cloud views,"Nothing major, just some crowd noise.",Just add a few more trash bins.,Yes,Family,2,9/18/2025,Yes,Cottage,Golden Sylhet Tea Gardens Highland Inn,"Great value for the price, quiet and well maintained."
29,31,5,winter,Proma,27,Sylhet,Waterfall Hunter,waterfall,medium,the trek through the forest to reach it,Just wished it was less busy.,Could use a small info center.,Yes,Partner,3,3/25/2026,Yes,Mid-range Hotel,Hill View Madhabkunda Waterfall Forest Retreat,"Loved the view from the room, staff went out of their way to help."
20,0,2,any,Fahim,25,Khulna,Street Food Explorer,urban,high,the street food,poor signage for tourists,reduce entry congestion during rush hour,Maybe,Family,1,4/2/2025,Yes,Budget Hotel,City Cox's Bazar Beach Downtown Suites,"Booking didn't match what was shown online, felt misled."
87,28,2,any,Lamia,26,Mymensingh,Chai & Chill,,low,the fresh seafood nearby,litter left by other tourists,enforce stricter littering fines,Maybe,Family,5,6/23/2026,Yes,Mid-range Hotel,Hotel Char Kukri Mukri Sea View,"Overpriced for what you actually get, quite disappointing."
44,24,4,monsoon,Mahi,19,Khulna,Chai & Chill,tea-garden,low,the endless green fields,"Nothing major, just some crowd noise.",A little more parking would help.,Yes,Partner,5,7/28/2026,Yes,Luxury Hotel,Grand Bhimruli Floating Market Tea Garden Resort,"Loved the view from the room, staff went out of their way to help."
15,21,4,any,Anika,20,Barishal,Heritage Nerd,heritage,medium,the intricate carvings,"Nothing major, just some crowd noise.","Keep it as it is, maybe add more benches.",Yes,Partner,5,4/9/2025,Yes,Resort,River View Nilgiri Hills Old Town Residency,"Comfortable stay, breakfast was good, checked in without any hassle."
115,18,3,any,Proma,20,Khulna,Heritage Nerd,,low,the calm water views,no safety jackets provided,improve the access path,Yes,Friends,2,7/6/2025,Yes,Guest House,River View Srimangal Canal View Lodge,"Average experience, breakfast options were limited."
111,37,3,winter,Arnob,18,Chattogram,Waterfall Hunter,waterfall,low,swimming in the cold water,too crowded during peak season,add safety railings near the rocks,Yes,Friends,5,3/15/2025,Yes,Resort,Sea Pearl Meghla Tourist Complex Falls View Cottage,"Staff were helpful, though check-in took longer than expected."
46,27,3,monsoon,Tania,21,Rajshahi,Street Food Explorer,urban,high,the old architecture,heavy traffic and noise,add clearer tourist signage,Maybe,Partner,3,4/4/2025,Yes,Resort,Hill View Nijhum Dwip Central Inn,"Decent stay overall, room was okay but a bit noisy at night."
13,3,1,monsoon,Tasnim,26,,Chai & Chill,tea-garden,,the smell of fresh tea leaves,long drive with no rest stops,manage weekend crowd flow better,Maybe,Family,2,12/7/2025,Yes,Budget Hotel,Hotel Bandarban Garden View Inn,"Room wasn't as clean as expected, wouldn't book again."
81,9,3,monsoon,Rakib,19,Barishal,Beach Baddie,beach|island,medium,the wide open sand,overpriced beachside food,add designated food stalls with fixed prices,Maybe,Friends,1,12/15/2025,Yes,Hostel,Green Bisnakandi Beach Resort,
24,23,4,any,Shuvo,25,Chattogram,Heritage Nerd,heritage,medium,the guided storytelling,Just wished it was less busy.,"Keep it as it is, maybe add more benches.",Yes,Family,1,2/5/2026,Yes,Budget Hotel,River View Kaptai National Park Old Town Residency,"Great value for the price, quiet and well maintained."
92,5,3,winter,Orin,20,,Jungle Junkie,forest|wetland,low,the fresh air and greenery,mosquitoes were unbearable,,Yes,Family,1,8/23/2025,Yes,Hostel,Golden Sundarbans Eco Resort,Bed was comfortable but the bathroom needed better upkeep.
119,26,2,monsoon,Shuvo,25,Dhaka,Beach Baddie,beach|island,high,the fresh seafood nearby,aggressive hawkers,add designated food stalls with fixed prices,Maybe,Friends,2,4/20/2026,Yes,Guest House,Grand Kantajew Temple Sea View,"Booking didn't match what was shown online, felt misled."
21,30,2,monsoon,Nabila,18,Mymensingh,Chai & Chill,tea-garden,low,the smell of fresh tea leaves,limited entry without a guide,allow self-guided walking sections,Maybe,Family,2,1/10/2026,Yes,Guest House,Grand Comilla Green Leaf Cottage,"Room wasn't as clean as expected, wouldn't book again."
94,16,3,any,Ishika,22,,Jungle Junkie,forest|wetland,medium,the wildlife spotting,trail markers were confusing,improve trail markers,Maybe,Friends,3,5/3/2026,Yes,Cottage,Golden Lalbagh Fort Jungle Lodge,"Staff were helpful, though check-in took longer than expected."
83,15,3,any,Rakib,26,,Cloud Chaser,hill,low,the scenery from the viewpoint,not enough clean washrooms,install proper restrooms at the viewpoints,Maybe,Friends,5,2/4/2025,Yes,Mid-range Hotel,Golden Old Dhaka Hill Resort,"Average experience, breakfast options were limited."
57,21,3,any,Ayesha,20,Mymensingh,Heritage Nerd,heritage,high,the intricate carvings,entry fee felt overpriced,invest in proper restoration work,Yes,Friends,1,3/26/2025,Yes,Budget Hotel,Sea Pearl Nilgiri Hills Palace Guest House,"Decent stay overall, room was okay but a bit noisy at night."
54,8,2,summer,Arnob,,Mymensingh,Heritage Nerd,heritage,medium,the intricate carvings,entry fee felt overpriced,add multilingual info boards,Maybe,Family,5,5/15/2025,Yes,Resort,Royal Ratargul Swamp Forest Heritage Inn,"Booking didn't match what was shown online, felt misled."
43,35,3,winter,Nabila,20,Dhaka,Waterfall Hunter,waterfall,high,the trek through the forest to reach it,vendors overcharging tourists,limit visitor numbers during peak hours,Maybe,Solo,3,8/8/2025,,Cottage,Sea Pearl Foy's Lake Forest Retreat,Location was convenient but the room could use some updating.
40,15,2,summer,Proma,22,Chattogram,Heritage Nerd,heritage,low,the history and old architecture,lack of proper signage/history info,add multilingual info boards,No,Family,2,11/6/2025,Yes,Guest House,City Old Dhaka Heritage Inn,"Room wasn't as clean as expected, wouldn't book again."
52,33,3,winter,Proma,27,Dhaka,Off-Grid Wanderer,island|wetland,high,the boat ride over,very few food options,fix the boat departure schedule,Yes,Friends,,5/7/2025,Yes,Guest House,Hotel Teknaf Coastal Inn,"Decent stay overall, room was okay but a bit noisy at night."
16,32,2,summer,Anika,18,Chattogram,Chai & Chill,tea-garden,medium,the seven-layer tea stalls,limited entry without a guide,,Maybe,Friends,2,7/1/2026,Yes,Cottage,Sea Pearl Cox's Bazar Green Leaf Cottage,"Overpriced for what you actually get, quite disappointing."
11,17,3,summer,Fahim,25,Barishal,Waterfall Hunter,waterfall,low,swimming in the cold water,slippery rocks with no railing,add safety railings near the rocks,Yes,Family,3,9/2/2025,Yes,Resort,Golden Ahsan Manzil Forest Retreat,"Staff were helpful, though check-in took longer than expected."
49,25,2,monsoon,Priyo,,Barishal,Off-Grid Wanderer,island|wetland,high,the untouched coastline,unreliable boat schedules,fix the boat departure schedule,Maybe,Solo,3,5/11/2025,,Cottage,Royal Sitakunda Eco Park Beach Cottage,"Poor service at the front desk, had to wait too long for check-in."
108,1,2,,Rezwan,22,Rajshahi,Chai & Chill,tea-garden,low,the seven-layer tea stalls,limited entry without a guide,allow self-guided walking sections,No,Family,3,5/3/2025,Yes,Mid-range Hotel,The Saint Martin's Island Garden View Inn,"AC barely worked and the walls were thin, could hear everything."
4,27,3,any,Lamia,24,Dhaka,Cloud Chaser,hill,low,the quiet hillside trails,not enough clean washrooms,improve road maintenance for the monsoon season,Maybe,Family,3,2/18/2026,Yes,Resort,River View Nijhum Dwip Valley View Lodge,"Average experience, breakfast options were limited."
75,31,1,winter,Nusrat,21,Rangpur,Cloud Chaser,hill,low,the cool weather and cloud views,overcrowded viewpoints on weekends,,Maybe,Friends,1,2/26/2026,Yes,Hostel,River View Madhabkunda Waterfall Hill Resort,"Booking didn't match what was shown online, felt misled."
28,9,4,winter,Mim,20,Rajshahi,Jungle Junkie,forest|wetland,low,the birdsong in the morning,Almost nothing to complain about.,A little more parking would help.,Yes,Family,5,4/22/2026,Yes,Mid-range Hotel,Sea Pearl Bisnakandi Jungle Lodge,"Comfortable stay, breakfast was good, checked in without any hassle."
105,29,5,winter,Tasnim,18,Mymensingh,Heritage Nerd,heritage,low,the intricate carvings,Just wished it was less busy.,"Keep it as it is, maybe add more benches.",Yes,Family,2,7/2/2025,Yes,Mid-range Hotel,Green Panam Nagar Heritage Inn,
70,2,3,winter,Arnob,19,Mymensingh,Beach Baddie,beach|island,low,the wide open sand,aggressive hawkers,increase beach cleaning frequency,Maybe,Partner,4,1/15/2026,Yes,Luxury Hotel,The Sajek Valley Bay Residence,Location was convenient but the room could use some updating.
82,19,3,summer,Lamia,25,Mymensingh,Beach Baddie,,medium,the smell of fresh tea leaves,limited entry without a guide,add rest stops along the route,Yes,Friends,4,7/4/2026,Yes,Mid-range Hotel,Sea Pearl Lawachara National Park Tea Garden Resort,"Staff were helpful, though check-in took longer than expected."
80,16,2,winter,Shuvo,23,Rangpur,Jungle Junkie,forest|wetland,medium,the wildlife spotting,very limited facilities,add more basic facilities,Maybe,Friends,5,2/15/2025,Yes,Luxury Hotel,Royal Lalbagh Fort Jungle Lodge,"Room wasn't as clean as expected, wouldn't book again."
12,4,4,monsoon,Tania,20,Rajshahi,Cloud Chaser,hill,high,the cool weather and cloud views,Almost nothing to complain about.,Could use a small info center.,Yes,Family,1,5/8/2026,Yes,Budget Hotel,The Rangamati Valley View Lodge,"Spacious room, fast wifi, and very responsive front desk."
67,37,3,winter,Proma,27,Chattogram,Beach Baddie,beach|island,medium,the wide open sand,litter left by other tourists,enforce stricter littering fines,Maybe,Family,5,2/12/2025,Yes,Resort,Golden Meghla Tourist Complex Beach Resort,
58,17,4,summer,Sabbir,27,Mymensingh,Chai & Chill,tea-garden,low,the seven-layer tea stalls,Almost nothing to complain about.,"Keep it as it is, maybe add more benches.",Yes,Solo,2,6/11/2025,Yes,Budget Hotel,The Ahsan Manzil Green Leaf Cottage,"Clean rooms, friendly staff, and great location - would stay again."
60,33,3,summer,Tania,19,Sylhet,Street Food Explorer,urban,low,the street food,poor signage for tourists,add clearer tourist signage,Maybe,Family,5,11/25/2025,Yes,Luxury Hotel,Hill View Teknaf Downtown Suites,Bed was comfortable but the bathroom needed better upkeep.
7,1,3,summer,Farhan,26,Chattogram,Waterfall Hunter,waterfall,high,the sound of the falls,too crowded during peak season,regulate vendor pricing,Yes,Family,2,5/15/2025,Yes,Guest House,River View Saint Martin's Island Falls View Cottage,"Average experience, breakfast options were limited."
118,23,3,summer,Ayesha,18,Sylhet,Chai & Chill,tea-garden,low,the seven-layer tea stalls,long drive with no rest stops,allow self-guided walking sections,Maybe,Family,1,4/11/2025,No,Day trip (no stay),,
0,18,3,,Rakib,20,Rangpur,Beach Baddie,beach|island,low,the sunset over the water,overpriced beachside food,add designated food stalls with fixed prices,Yes,Family,4,2/20/2025,Yes,Mid-range Hotel,The Srimangal Bay Residence,Location was convenient but the room could use some updating.
98,12,3,monsoon,Ishika,25,,Street Food Explorer,,high,the floating market vibe,muddy access paths,improve the access path,Maybe,Friends,1,12/28/2025,Yes,Hostel,Sea Pearl Paharpur Boat House Inn,"Average experience, breakfast options were limited."
78,11,4,,Imran,21,Chattogram,Street Food Explorer,urban,medium,the old architecture,Almost nothing to complain about.,Just add a few more trash bins.,Yes,Solo,2,12/2/2025,Yes,Mid-range Hotel,Sea Pearl Tanguar Haor Central Inn,"Great value for the price, quiet and well maintained."
76,9,2,any,Rida,22,Chattogram,Heritage Nerd,heritage,high,the guided storytelling,poorly maintained restoration,invest in proper restoration work,Maybe,Friends,3,11/8/2025,Yes,Mid-range Hotel,Sea Pearl Bisnakandi Palace Guest House,"AC barely worked and the walls were thin, could hear everything."
6,13,4,any,Adnan,18,Sylhet,Waterfall Hunter,,medium,how walkable everything was,Almost nothing to complain about.,"Keep it as it is, maybe add more benches.",Yes,Solo,2,11/14/2025,Yes,Mid-range Hotel,The Mahasthangarh Downtown Suites,"Loved the view from the room, staff went out of their way to help."
50,28,4,winter,Nabila,23,Chattogram,Jungle Junkie,forest|wetland,low,the birdsong in the morning,Just wished it was less busy.,,Yes,Partner,1,10/25/2025,Yes,Guest House,Golden Char Kukri Mukri Nature Camp,"Loved the view from the room, staff went out of their way to help."
10,10,2,,Sadia,25,Rangpur,Chai & Chill,tea-garden,medium,the seven-layer tea stalls,long drive with no rest stops,manage weekend crowd flow better,Maybe,Friends,1,1/25/2025,No,Day trip (no stay),,
107,23,5,winter,Rakib,26,Barishal,Jungle Junkie,forest|wetland,,the wildlife spotting,Almost nothing to complain about.,,Yes,Family,4,9/24/2025,Yes,Luxury Hotel,Royal Kaptai National Park Eco Resort,"Spacious room, fast wifi, and very responsive front desk."
48,22,4,monsoon,Meherin,18,Dhaka,Waterfall Hunter,waterfall,medium,the sound of the falls,Almost nothing to complain about.,Just add a few more trash bins.,Yes,Family,5,9/14/2025,Yes,Mid-range Hotel,City Chimbuk Hill Nature Lodge,"Clean rooms, friendly staff, and great location - would stay again."
47,34,4,any,Tania,21,Rajshahi,Off-Grid Wanderer,island|wetland,medium,the untouched coastline,"A few minor inconveniences, nothing serious.",Just add a few more trash bins.,Yes,Friends,1,8/12/2025,No,Day trip (no stay),,
102,3,4,monsoon,Sabbir,20,Dhaka,Cloud Chaser,hill,high,the cool weather and cloud views,"Nothing major, just some crowd noise.",Could use a small info center.,Yes,Solo,3,3/6/2025,Yes,Resort,The Bandarban Hill Resort,"Loved the view from the room, staff went out of their way to help."
33,20,4,,Shuvo,19,Mymensingh,Street Food Explorer,,low,the street food,Just wished it was less busy.,"Keep it as it is, maybe add more benches.",Yes,Solo,4,2/13/2026,Yes,Mid-range Hotel,The Himchari National Park Central Inn,"Clean rooms, friendly staff, and great location - would stay again."
3,14,3,winter,Anika,24,Chattogram,Jungle Junkie,forest|wetland,low,the birdsong in the morning,mosquitoes were unbearable,provide mosquito repellent at entry,Yes,Solo,1,2/21/2026,No,Day trip (no stay),,
116,27,3,any,Sabbir,26,Rangpur,Heritage Nerd,heritage,high,the history and old architecture,lack of proper signage/history info,add multilingual info boards,Maybe,Family,2,5/11/2026,Yes,Cottage,Hill View Nijhum Dwip Old Town Residency,"Staff were helpful, though check-in took longer than expected."
41,20,2,winter,Meherin,23,Khulna,Off-Grid Wanderer,,high,how walkable everything was,pickpocket warnings from locals,increase foot patrol for safety,Maybe,Family,1,3/7/2026,No,Day trip (no stay),,
65,12,3,any,Farhan,26,Dhaka,Off-Grid Wanderer,island|wetland,low,the boat ride over,unreliable boat schedules,add more food stalls,Maybe,Partner,2,6/11/2026,Yes,Budget Hotel,Hill View Paharpur Beach Cottage,Bed was comfortable but the bathroom needed better upkeep.
96,10,3,winter,Tania,18,Khulna,Beach Baddie,beach|island,low,the wide open sand,litter left by other tourists,add designated food stalls with fixed prices,Maybe,Partner,1,5/27/2025,No,Day trip (no stay),,
79,5,1,summer,Mim,21,Sylhet,Street Food Explorer,urban,high,the street food,poor signage for tourists,reduce entry congestion during rush hour,Maybe,Friends,1,11/19/2025,Yes,Guest House,City Sundarbans Central Inn,"Room wasn't as clean as expected, wouldn't book again."
22,14,3,summer,Orin,19,Mymensingh,Beach Baddie,beach|island,low,the sunset over the water,aggressive hawkers,enforce stricter littering fines,Maybe,Partner,1,6/10/2026,Yes,Guest House,Green Sonargaon Shore Palace,"Decent stay overall, room was okay but a bit noisy at night."
53,29,2,winter,Nabila,,Chattogram,Street Food Explorer,urban,high,the street food,heavy traffic and noise,reduce entry congestion during rush hour,Maybe,Partner,2,6/4/2025,Yes,Guest House,Green Panam Nagar Downtown Suites,"Booking didn't match what was shown online, felt misled."
99,18,2,monsoon,Proma,26,Rangpur,Waterfall Hunter,waterfall,high,the sound of the falls,vendors overcharging tourists,regulate vendor pricing,Maybe,Family,1,4/5/2026,Yes,Guest House,Hill View Srimangal Forest Retreat,"Overpriced for what you actually get, quite disappointing."
35,36,3,monsoon,Tanvir,23,Dhaka,Cloud Chaser,hill,low,the quiet hillside trails,not enough clean washrooms,add more resting benches along the trail,Maybe,Family,4,4/25/2026,Yes,Luxury Hotel,Grand Patenga Beach Cloud Nine Cottage,Location was convenient but the room could use some updating.
25,28,4,summer,Shuvo,26,Khulna,Heritage Nerd,heritage,medium,the history and old architecture,"Nothing major, just some crowd noise.",A little more parking would help.,Yes,Family,4,5/6/2026,Yes,Mid-range Hotel,Royal Char Kukri Mukri Old Town Residency,"Loved the view from the room, staff went out of their way to help."
23,15,3,summer,Arnob,22,Sylhet,Jungle Junkie,forest|wetland,,the fresh air and greenery,mosquitoes were unbearable,add more basic facilities,Yes,Family,1,6/1/2025,Yes,Guest House,The Old Dhaka Eco Resort,Location was convenient but the room could use some updating.
32,15,4,,Rezwan,26,Rangpur,Street Food Explorer,urban,medium,the street food,"A few minor inconveniences, nothing serious.",Just add a few more trash bins.,Yes,Partner,1,11/5/2025,Yes,Guest House,River View Old Dhaka Central Inn,"Spacious room, fast wifi, and very responsive front desk."
117,23,5,winter,Arnob,26,Dhaka,Jungle Junkie,forest|wetland,low,the wildlife spotting,"A few minor inconveniences, nothing serious.",A little more parking would help.,Yes,Friends,2,2/5/2026,Yes,Cottage,Sea Pearl Kaptai National Park Eco Resort,"Loved the view from the room, staff went out of their way to help."
112,18,3,summer,Farhan,24,Dhaka,Street Food Explorer,urban,low,the street food,poor signage for tourists,add clearer tourist signage,Maybe,Partner,3,6/16/2025,Yes,Mid-range Hotel,Hotel Srimangal City Residency,"Average experience, breakfast options were limited."
27,2,3,summer,Rida,24,Rajshahi,Heritage Nerd,heritage,low,the guided storytelling,poorly maintained restoration,review the entry fee structure,Yes,,1,5/26/2025,No,Day trip (no stay),,
104,0,3,monsoon,Nusrat,24,Khulna,Jungle Junkie,forest|wetland,,the birdsong in the morning,trail markers were confusing,add more basic facilities,Yes,Partner,2,12/15/2025,Yes,Cottage,Grand Cox's Bazar Beach Eco Resort,"Staff were helpful, though check-in took longer than expected."
101,25,3,summer,Meherin,20,Rangpur,Chai & Chill,tea-garden,low,the seven-layer tea stalls,long drive with no rest stops,add rest stops along the route,Maybe,Partner,5,7/18/2026,Yes,Luxury Hotel,Hill View Sitakunda Eco Park Green Leaf Cottage,
110,23,4,any,Priyo,26,Rajshahi,Jungle Junkie,,high,the intricate carvings,Almost nothing to complain about.,,Yes,Family,3,5/18/2025,Yes,Cottage,River View Kaptai National Park Heritage Inn,"Great value for the price, quiet and well maintained."
26,0,2,any,Mahi,26,Khulna,Street Food Explorer,urban,medium,how walkable everything was,poor signage for tourists,reduce entry congestion during rush hour,Maybe,Family,2,1/11/2025,Yes,Guest House,Green Cox's Bazar Beach City Residency,"AC barely worked and the walls were thin, could hear everything."
73,23,4,any,Zayan,22,Rajshahi,Off-Grid Wanderer,,low,the calm water views,"A few minor inconveniences, nothing serious.",A little more parking would help.,Yes,Friends,1,4/12/2025,Yes,Guest House,City Kaptai National Park Canal View Lodge,"Great value for the price, quiet and well maintained."
77,24,3,winter,Nafis,23,Sylhet,Waterfall Hunter,waterfall,low,the trek through the forest to reach it,too crowded during peak season,regulate vendor pricing,Yes,,4,4/15/2025,Yes,Luxury Hotel,Golden Bhimruli Floating Market Falls View Cottage,Location was convenient but the room could use some updating.
106,30,3,any,Priyo,25,Dhaka,Waterfall Hunter,waterfall,medium,the sound of the falls,too crowded during peak season,regulate vendor pricing,Yes,Friends,4,3/23/2025,Yes,Mid-range Hotel,Golden Comilla Nature Lodge,"Decent stay overall, room was okay but a bit noisy at night."
66,10,4,any,Orin,18,Sylhet,Heritage Nerd,heritage,low,the intricate carvings,"Nothing major, just some crowd noise.","Keep it as it is, maybe add more benches.",Yes,Friends,1,6/13/2026,Yes,Guest House,Green Jaflong Heritage Inn,"Loved the view from the room, staff went out of their way to help."
45,7,4,summer,Nabila,21,Barishal,Jungle Junkie,forest|wetland,high,the wildlife spotting,Just wished it was less busy.,,Yes,Solo,4,7/23/2026,Yes,Luxury Hotel,Sea Pearl Sylhet Tea Gardens Eco Resort,"Loved the view from the room, staff went out of their way to help."
5,35,5,winter,Nafis,27,Dhaka,Street Food Explorer,urban,low,the old architecture,"Nothing major, just some crowd noise.","Keep it as it is, maybe add more benches.",Yes,Family,2,7/9/2025,Yes,Cottage,Grand Foy's Lake Central Inn,"Spacious room, fast wifi, and very responsive front desk."
85,20,5,monsoon,Priyo,18,Sylhet,Waterfall Hunter,waterfall,low,the trek through the forest to reach it,Almost nothing to complain about.,Could use a small info center.,Yes,Partner,5,3/16/2026,Yes,Mid-range Hotel,River View Himchari National Park Nature Lodge,"Clean rooms, friendly staff, and great location - would stay again."
74,15,2,any,Anika,19,Rangpur,Off-Grid Wanderer,island|wetland,medium,the boat ride over,very few food options,fix the boat departure schedule,Maybe,,4,4/26/2026,Yes,Luxury Hotel,Royal Old Dhaka Coastal Inn,"Overpriced for what you actually get, quite disappointing."
64,28,4,summer,Nabila,25,,Heritage Nerd,heritage,high,the guided storytelling,"Nothing major, just some crowd noise.","Keep it as it is, maybe add more benches.",Yes,Family,2,7/16/2026,Yes,Budget Hotel,Royal Char Kukri Mukri Heritage Inn,"Spacious room, fast wifi, and very responsive front desk."
2,0,4,,Rafi,26,Rajshahi,Beach Baddie,beach|island,low,the sunset over the water,Almost nothing to complain about.,Just add a few more trash bins.,Yes,Family,5,12/5/2025,Yes,Mid-range Hotel,Sea Pearl Cox's Bazar Beach Bay Residence,"Great value for the price, quiet and well maintained."
36,10,3,summer,Fahim,20,Chattogram,Chai & Chill,tea-garden,high,the endless green fields,long drive with no rest stops,allow self-guided walking sections,Yes,Friends,1,11/9/2025,No,Day trip (no stay),,
8,22,2,monsoon,Sabbir,20,Chattogram,Jungle Junkie,forest|wetland,medium,the birdsong in the morning,very limited facilities,provide mosquito repellent at entry,No,Friends,1,9/26/2025,Yes,Hostel,River View Chimbuk Hill Jungle Lodge,"Room wasn't as clean as expected, wouldn't book again."
37,33,3,monsoon,Ayesha,19,Rajshahi,Street Food Explorer,urban,,how walkable everything was,heavy traffic and noise,reduce entry congestion during rush hour,Yes,Friends,5,8/10/2025,Yes,Resort,Royal Teknaf Central Inn,Bed was comfortable but the bathroom needed better upkeep.
93,0,4,winter,Mim,22,Dhaka,Heritage Nerd,heritage,low,the history and old architecture,"A few minor inconveniences, nothing serious.","Keep it as it is, maybe add more benches.",,Solo,1,6/6/2026,No,Day trip (no stay),,
38,6,2,any,Nafis,22,Barishal,Chai & Chill,tea-garden,medium,the smell of fresh tea leaves,crowded on weekends,allow self-guided walking sections,No,Solo,5,11/1/2025,Yes,Resort,Green Kuakata Sea Beach Tea Garden Resort,"Overpriced for what you actually get, quite disappointing."
51,16,3,,Adnan,25,Rajshahi,Chai & Chill,tea-garden,low,the endless green fields,crowded on weekends,manage weekend crowd flow better,Yes,Friends,1,1/13/2026,No,Day trip (no stay),,
31,10,3,winter,Fahim,23,Sylhet,Beach Baddie,beach|island,medium,the wide open sand,overpriced beachside food,enforce stricter littering fines,Yes,Friends,2,12/7/2025,Yes,Cottage,Royal Jaflong Beach Resort,Bed was comfortable but the bathroom needed better upkeep.
91,34,3,winter,Imran,18,Barishal,Street Food Explorer,urban,medium,the street food,poor signage for tourists,increase foot patrol for safety,Maybe,Solo,1,10/25/2025,Yes,Hostel,Hotel Barind Museum & Varendra Research Central Inn,Location was convenient but the room could use some updating.
89,0,4,summer,Priyo,18,Chattogram,Waterfall Hunter,waterfall,low,the trek through the forest to reach it,Just wished it was less busy.,Could use a small info center.,Yes,Solo,2,4/17/2026,Yes,Cottage,The Cox's Bazar Beach Falls View Cottage,"Great value for the price, quiet and well maintained."
14,6,3,summer,Imran,22,Chattogram,Cloud Chaser,hill,high,the quiet hillside trails,"rough, poorly maintained roads up",add more resting benches along the trail,Maybe,Solo,3,12/12/2025,Yes,Resort,Hill View Kuakata Sea Beach Highland Inn,Bed was comfortable but the bathroom needed better upkeep.
88,2,3,winter,Priyo,,Sylhet,Street Food Explorer,urban,low,the street food,pickpocket warnings from locals,increase foot patrol for safety,Yes,Friends,3,10/11/2025,Yes,Cottage,City Sajek Valley City Residency,"Average experience, breakfast options were limited."
109,37,3,monsoon,Ayesha,23,,Cloud Chaser,hill,medium,the scenery from the viewpoint,not enough clean washrooms,install proper restrooms at the viewpoints,Yes,Friends,1,5/4/2025,Yes,Guest House,,"Decent stay overall, room was okay but a bit noisy at night."
100,26,3,winter,Sadia,21,Barishal,Jungle Junkie,forest|wetland,high,the birdsong in the morning,very limited facilities,add more basic facilities,Maybe,Family,1,11/21/2025,No,Day trip (no stay),,
55,33,3,winter,Tania,23,Chattogram,Street Food Explorer,urban,medium,the old architecture,poor signage for tourists,increase foot patrol for safety,Yes,Family,2,8/16/2025,Yes,Budget Hotel,Grand Teknaf Downtown Suites,"Decent stay overall, room was okay but a bit noisy at night."
59,1,5,any,Lamia,26,Sylhet,Beach Baddie,beach|island,,the fresh seafood nearby,Just wished it was less busy.,A little more parking would help.,Yes,Partner,4,1/22/2025,Yes,Luxury Hotel,Hill View Saint Martin's Island Sea View,"Comfortable stay, breakfast was good, checked in without any hassle."
69,13,3,summer,Rafi,21,Rajshahi,Waterfall Hunter,waterfall,low,swimming in the cold water,slippery rocks with no railing,regulate vendor pricing,Maybe,Friends,2,8/20/2025,Yes,Guest House,,Location was convenient but the room could use some updating.
19,20,4,winter,Rida,19,Dhaka,Waterfall Hunter,waterfall,high,swimming in the cold water,"Nothing major, just some crowd noise.",Just add a few more trash bins.,Yes,Friends,2,1/12/2025,Yes,Mid-range Hotel,Green Himchari National Park Nature Lodge,"Clean rooms, friendly staff, and great location - would stay again."
97,6,2,any,Ayesha,26,Rajshahi,Off-Grid Wanderer,island|wetland,low,the untouched coastline,very few food options,add more food stalls,No,Partner,2,9/11/2025,Yes,Budget Hotel,Hill View Kuakata Sea Beach Island Resort,"Overpriced for what you actually get, quite disappointing."
17,17,3,summer,Shafin,23,Mymensingh,Off-Grid Wanderer,island|wetland,low,the boat ride over,very few food options,cap private boat fares,Maybe,Family,2,1/13/2025,Yes,Guest House,Royal Ahsan Manzil Island Resort,Bed was comfortable but the bathroom needed better upkeep.
71,1,3,winter,Imran,23,Rajshahi,Waterfall Hunter,waterfall,medium,swimming in the cold water,slippery rocks with no railing,regulate vendor pricing,Maybe,Family,2,10/9/2025,Yes,Budget Hotel,Green Saint Martin's Island Nature Lodge,"Decent stay overall, room was okay but a bit noisy at night."
56,19,3,,Shuvo,19,Sylhet,Heritage Nerd,heritage,low,the guided storytelling,entry fee felt overpriced,invest in proper restoration work,Maybe,Family,2,6/1/2026,Yes,Guest House,Hotel Lawachara National Park Heritage Inn,Bed was comfortable but the bathroom needed better upkeep.
72,31,3,monsoon,Zayan,26,Mymensingh,Jungle Junkie,forest|wetland,high,the fresh air and greenery,very limited facilities,improve trail markers,Yes,Solo,2,2/14/2026,Yes,Cottage,The Madhabkunda Waterfall Nature Camp,"Decent stay overall, room was okay but a bit noisy at night."
120,53,3,any,Sadia,24,Bogura,Jungle Junkie,forest|wetland,low,the wildlife spotting,mosquitoes were unbearable,add more basic facilities,Yes,Family,2,7/27/2025,Yes,Budget Hotel,The Kushtia Nature Camp,Bed was comfortable but the bathroom needed better upkeep.
121,57,4,monsoon,Sumaiya,27,Dhaka,Waterfall Hunter,waterfall,high,swimming in the cold water,Just wished it was less busy.,Could use a small info center.,Yes,Family,1,5/16/2025,No,Day trip (no stay),,
122,32,2,any,Rafi,19,Rangpur,Chai & Chill,tea-garden,low,the smell of fresh tea leaves,limited entry without a guide,allow self-guided walking sections,No,Solo,5,8/2/2025,Yes,Resort,City Cox's Bazar Garden View Inn,"Poor service at the front desk, had to wait too long for check-in."
123,26,4,winter,Nafis,26,Rangpur,Chai & Chill,tea-garden,low,the seven-layer tea stalls,Just wished it was less busy.,A little more parking would help.,Yes,Friends,1,7/12/2026,No,Day trip (no stay),,
124,34,4,monsoon,Shafin,28,Bogura,Waterfall Hunter,waterfall,medium,the sound of the falls,"Nothing major, just some crowd noise.",A little more parking would help.,Yes,Friends,1,8/15/2025,Yes,,Hotel Barind Museum & Varendra Research Nature Lodge,"Great value for the price, quiet and well maintained."
125,53,2,winter,Trisha,27,Rangpur,Cloud Chaser,hill,low,the cool weather and cloud views,overcrowded viewpoints on weekends,install proper restrooms at the viewpoints,Maybe,Partner,4,7/13/2025,Yes,Luxury Hotel,Green Kushtia Valley View Lodge,"Room wasn't as clean as expected, wouldn't book again."
126,58,2,winter,Rafi,26,Gazipur,Chai & Chill,tea-garden,low,the endless green fields,crowded on weekends,allow self-guided walking sections,Maybe,Family,1,10/7/2025,Yes,Guest House,Green Habiganj Tea Garden Resort,
127,6,3,summer,Sadia,26,Chattogram,,urban,medium,the old architecture,heavy traffic and noise,add clearer tourist signage,,Family,2,3/2/2025,Yes,Mid-range Hotel,City Kuakata Sea Beach Central Inn,"Staff were helpful, though check-in took longer than expected."
128,18,3,summer,Adnan,27,Noakhali,Heritage Nerd,heritage,medium,the intricate carvings,lack of proper signage/history info,review the entry fee structure,Maybe,Solo,2,10/12/2025,Yes,Guest House,The Srimangal Palace Guest House,"Staff were helpful, though check-in took longer than expected."
129,18,2,monsoon,Adnan,26,,Jungle Junkie,forest|wetland,low,the wildlife spotting,trail markers were confusing,improve trail markers,Maybe,Partner,1,1/7/2025,Yes,Hostel,Hotel Srimangal Eco Resort,"Room wasn't as clean as expected, wouldn't book again."
130,25,4,winter,Ayan,,Mymensingh,Cloud Chaser,hill,medium,the cool weather and cloud views,Just wished it was less busy.,Just add a few more trash bins.,Yes,Solo,1,8/12/2025,No,Day trip (no stay),,
131,38,4,summer,Afra,23,Mymensingh,Street Food Explorer,urban,medium,the old architecture,Just wished it was less busy.,Just add a few more trash bins.,Yes,Family,3,11/24/2025,Yes,Cottage,City Baldha Garden Central Inn,"Clean rooms, friendly staff, and great location - would stay again."
132,4,3,summer,Sumaiya,22,Rajshahi,Off-Grid Wanderer,island|wetland,medium,the untouched coastline,very few food options,add more food stalls,Yes,Family,3,4/8/2026,Yes,Resort,Sea Pearl Rangamati Beach Cottage,Location was convenient but the room could use some updating.
133,29,4,summer,Nafis,27,Khulna,Chai & Chill,tea-garden,medium,the seven-layer tea stalls,"A few minor inconveniences, nothing serious.",,Yes,Friends,2,9/6/2025,Yes,Guest House,Hill View Panam Nagar Tea Garden Resort,"Clean rooms, friendly staff, and great location - would stay again."
134,20,2,monsoon,Promi,25,Khulna,Jungle Junkie,forest|wetland,medium,the wildlife spotting,mosquitoes were unbearable,provide mosquito repellent at entry,Maybe,Friends,2,2/10/2025,Yes,Budget Hotel,Hotel Himchari National Park Eco Resort,"Poor service at the front desk, had to wait too long for check-in."
135,5,2,winter,Farhan,26,Rangpur,Waterfall Hunter,,low,the scenery from the viewpoint,not enough clean washrooms,install proper restrooms at the viewpoints,Maybe,Family,1,3/3/2025,Yes,Guest House,Sea Pearl Sundarbans Highland Inn,"Booking didn't match what was shown online, felt misled."
136,15,4,winter,Sadia,32,Mymensingh,Jungle Junkie,,low,the sound of the falls,"A few minor inconveniences, nothing serious.",Could use a small info center.,Yes,Friends,3,8/12/2025,Yes,Resort,Grand Old Dhaka Falls View Cottage,"Loved the view from the room, staff went out of their way to help."
137,54,4,any,Rezwan,26,Noakhali,Waterfall Hunter,waterfall,medium,the trek through the forest to reach it,"Nothing major, just some crowd noise.",A little more parking would help.,Yes,Friends,3,3/2/2025,Yes,Cottage,Sea Pearl Natore Nature Lodge,"Spacious room, fast wifi, and very responsive front desk."
138,2,2,monsoon,Proma,29,Barishal,Jungle Junkie,forest|wetland,medium,the birdsong in the morning,trail markers were confusing,provide mosquito repellent at entry,No,Solo,1,4/20/2026,No,Day trip (no stay),,
139,9,4,summer,Lamia,31,Chattogram,Off-Grid Wanderer,island|wetland,high,the untouched coastline,Just wished it was less busy.,"Keep it as it is, maybe add more benches.",Yes,Family,1,7/22/2026,Yes,Guest House,Green Bisnakandi Island Resort,"Spacious room, fast wifi, and very responsive front desk."
140,34,3,monsoon,Labiba,28,Chattogram,Off-Grid Wanderer,island|wetland,low,the boat ride over,expensive private boat fares,fix the boat departure schedule,Maybe,Family,2,7/23/2026,Yes,Budget Hotel,Sea Pearl Barind Museum & Varendra Research Island Resort,"Staff were helpful, though check-in took longer than expected."
141,25,2,winter,Ishrat,27,Bogura,Beach Baddie,beach|island,high,the sunset over the water,overpriced beachside food,add designated food stalls with fixed prices,No,Family,4,4/23/2026,Yes,Resort,River View Sitakunda Eco Park Shore Palace,"Room wasn't as clean as expected, wouldn't book again."
142,49,4,winter,Shanto,24,Cox's Bazar,Beach Baddie,beach|island,medium,the sunset over the water,Almost nothing to complain about.,,Yes,Friends,2,6/12/2025,Yes,Guest House,The Tangail Shore Palace,"Great value for the price, quiet and well maintained."
143,19,4,any,Sifat,23,Sylhet,Cloud Chaser,hill,medium,the quiet hillside trails,Almost nothing to complain about.,Just add a few more trash bins.,Yes,Family,1,6/6/2026,Yes,Guest House,Hill View Lawachara National Park Cloud Nine Cottage,"Loved the view from the room, staff went out of their way to help."
144,2,5,winter,Anika,21,Narayanganj,Off-Grid Wanderer,island|wetland,low,the untouched coastline,"A few minor inconveniences, nothing serious.",A little more parking would help.,Yes,Partner,4,4/4/2025,Yes,Luxury Hotel,The Sajek Valley Island Resort,"Clean rooms, friendly staff, and great location - would stay again."
145,65,4,winter,Naima,24,Cox's Bazar,Chai & Chill,tea-garden,,the seven-layer tea stalls,"Nothing major, just some crowd noise.",Just add a few more trash bins.,Yes,Friends,2,7/10/2025,Yes,Cottage,River View Barguna Tea Garden Resort,"Spacious room, fast wifi, and very responsive front desk."
146,44,2,summer,Fahim,25,Rangpur,Waterfall Hunter,waterfall,medium,swimming in the cold water,slippery rocks with no railing,add safety railings near the rocks,Maybe,Friends,4,4/16/2026,Yes,Luxury Hotel,Grand Khagrachari Forest Retreat,"AC barely worked and the walls were thin, could hear everything."
147,39,1,monsoon,Ruponti,31,Cumilla,Heritage Nerd,heritage,low,the intricate carvings,poorly maintained restoration,add multilingual info boards,No,Family,1,12/13/2025,No,Day trip (no stay),,
148,25,3,summer,Rifat,28,Cox's Bazar,Street Food Explorer,urban,low,how walkable everything was,pickpocket warnings from locals,add clearer tourist signage,Maybe,,4,10/8/2025,Yes,Mid-range Hotel,Sea Pearl Sitakunda Eco Park Downtown Suites,Location was convenient but the room could use some updating.
149,11,2,monsoon,Sadia,19,Sylhet,Chai & Chill,tea-garden,low,the smell of fresh tea leaves,long drive with no rest stops,add rest stops along the route,Maybe,Partner,5,5/5/2025,Yes,Resort,Hotel Tanguar Haor Tea Garden Resort,"Poor service at the front desk, had to wait too long for check-in."
150,9,1,summer,Rakib,25,Gazipur,Chai & Chill,tea-garden,medium,the smell of fresh tea leaves,crowded on weekends,manage weekend crowd flow better,Maybe,Family,2,4/17/2026,Yes,Mid-range Hotel,River View Bisnakandi Green Leaf Cottage,"Overpriced for what you actually get, quite disappointing."
151,9,3,winter,Nusrat,18,Sylhet,Beach Baddie,,low,the scenery from the viewpoint,not enough clean washrooms,add more resting benches along the trail,Yes,Solo,2,4/7/2026,Yes,Budget Hotel,Grand Bisnakandi Valley View Lodge,Bed was comfortable but the bathroom needed better upkeep.
152,19,2,any,Ayan,27,Barishal,Jungle Junkie,forest|wetland,high,the fresh air and greenery,very limited facilities,improve trail markers,No,Friends,1,7/7/2026,Yes,Hostel,Sea Pearl Lawachara National Park Nature Camp,"Room wasn't as clean as expected, wouldn't book again."
153,26,5,winter,Sifat,32,Gazipur,Cloud Chaser,hill,medium,the cool weather and cloud views,"Nothing major, just some crowd noise.","Keep it as it is, maybe add more benches.",Yes,Friends,3,3/28/2026,Yes,Cottage,Hotel Kantajew Temple Highland Inn,"Comfortable stay, breakfast was good, checked in without any hassle."
154,6,3,monsoon,Naima,24,Rangpur,Street Food Explorer,urban,low,the old architecture,pickpocket warnings from locals,reduce entry congestion during rush hour,Maybe,,3,2/15/2025,Yes,Resort,Hotel Kuakata Sea Beach City Residency,Location was convenient but the room could use some updating.
155,25,3,winter,Anika,21,Chattogram,Street Food Explorer,urban,high,the old architecture,pickpocket warnings from locals,increase foot patrol for safety,Maybe,Friends,4,3/17/2026,Yes,Luxury Hotel,Hill View Sitakunda Eco Park Downtown Suites,Location was convenient but the room could use some updating.
156,11,2,monsoon,Fahim,19,Barishal,Off-Grid Wanderer,island|wetland,medium,the untouched coastline,unreliable boat schedules,cap private boat fares,No,Friends,1,10/26/2025,Yes,Guest House,City Tanguar Haor Island Resort,"Overpriced for what you actually get, quite disappointing."
157,20,4,monsoon,Rakib,27,Sylhet,Waterfall Hunter,waterfall,medium,the sound of the falls,"Nothing major, just some crowd noise.","Keep it as it is, maybe add more benches.",Yes,Family,1,8/22/2025,Yes,Budget Hotel,Golden Himchari National Park Falls View Cottage,"Clean rooms, friendly staff, and great location - would stay again."
158,58,4,winter,Ayan,18,Chattogram,Jungle Junkie,forest|wetland,high,the fresh air and greenery,Almost nothing to complain about.,,Yes,Friends,3,6/7/2026,Yes,Mid-range Hotel,The Habiganj Nature Camp,"Loved the view from the room, staff went out of their way to help."
159,0,5,monsoon,Sadia,28,Khulna,Street Food Explorer,urban,high,how walkable everything was,"Nothing major, just some crowd noise.","Keep it as it is, maybe add more benches.",Yes,Family,2,12/10/2025,Yes,Guest House,Hotel Cox's Bazar Beach Central Inn,"Great value for the price, quiet and well maintained."
160,43,4,summer,Mahfuz,19,Chattogram,Jungle Junkie,forest|wetland,high,the birdsong in the morning,Just wished it was less busy.,"Keep it as it is, maybe add more benches.",Yes,Family,5,11/17/2025,Yes,Luxury Hotel,City Khagrachari Nature Camp,"Great value for the price, quiet and well maintained."
161,50,3,any,Mahfuz,25,Khulna,Off-Grid Wanderer,island|wetland,low,the peace and quiet,very few food options,cap private boat fares,Maybe,Friends,1,2/2/2025,Yes,Budget Hotel,Golden Mymensingh Beach Cottage,"Staff were helpful, though check-in took longer than expected."
162,52,2,monsoon,Nowshin,,Jessore,Waterfall Hunter,waterfall,low,the trek through the forest to reach it,slippery rocks with no railing,regulate vendor pricing,No,Partner,1,1/15/2025,Yes,Guest House,Golden Mongla Nature Lodge,"Overpriced for what you actually get, quite disappointing."
163,46,2,any,Nabila,18,Rajshahi,Heritage Nerd,heritage,high,the history and old architecture,entry fee felt overpriced,invest in proper restoration work,No,Friends,1,1/11/2025,Yes,Budget Hotel,River View Cox's Bazar Heritage Inn,"AC barely worked and the walls were thin, could hear everything."
164,25,3,,Sadia,29,Cumilla,Jungle Junkie,forest|wetland,high,the wildlife spotting,trail markers were confusing,,Maybe,Family,1,1/10/2026,Yes,Budget Hotel,Golden Sitakunda Eco Park Eco Resort,"Decent stay overall, room was okay but a bit noisy at night."
165,41,3,,Ishrat,31,Chattogram,Beach Baddie,beach|island,medium,the fresh seafood nearby,overpriced beachside food,add designated food stalls with fixed prices,Maybe,Family,1,5/27/2025,No,Day trip (no stay),,
166,12,4,monsoon,Nabila,23,Cox's Bazar,Beach Baddie,beach|island,low,the sunset over the water,Just wished it was less busy.,Just add a few more trash bins.,Yes,Friends,1,12/5/2025,No,Day trip (no stay),,
167,2,2,summer,Shovon,26,Narayanganj,Chai & Chill,tea-garden,medium,the seven-layer tea stalls,crowded on weekends,allow self-guided walking sections,No,Solo,5,3/8/2025,Yes,Luxury Hotel,Royal Sajek Valley Tea Garden Resort,"Booking didn't match what was shown online, felt misled."
168,43,2,winter,Ayan,30,Narayanganj,Chai & Chill,tea-garden,high,the seven-layer tea stalls,limited entry without a guide,manage weekend crowd flow better,No,Friends,2,9/8/2025,Yes,Cottage,Golden Khagrachari Garden View Inn,"Overpriced for what you actually get, quite disappointing."
169,7,5,any,Rida,31,Rangpur,Chai & Chill,tea-garden,medium,the endless green fields,Just wished it was less busy.,,Yes,Family,2,8/6/2025,Yes,Cottage,Green Sylhet Tea Gardens Garden View Inn,"Great value for the price, quiet and well maintained."
170,58,3,summer,Tasnim,,Mymensingh,Chai & Chill,tea-garden,low,the seven-layer tea stalls,long drive with no rest stops,allow self-guided walking sections,Maybe,Partner,2,12/23/2025,Yes,Cottage,Green Habiganj Garden View Inn,Location was convenient but the room could use some updating.
171,41,3,monsoon,Sabbir,30,Khulna,Cloud Chaser,hill,medium,the scenery from the viewpoint,not enough clean washrooms,add more resting benches along the trail,Maybe,Friends,2,9/12/2025,Yes,Budget Hotel,Grand Panchagarh Valley View Lodge,"Decent stay overall, room was okay but a bit noisy at night."
172,33,4,any,Labiba,27,Barishal,Chai & Chill,tea-garden,low,the endless green fields,Almost nothing to complain about.,,Yes,Family,1,6/10/2025,Yes,Guest House,The Teknaf Tea Garden Resort,"Loved the view from the room, staff went out of their way to help."
173,39,4,monsoon,Sumaiya,19,Rajshahi,Jungle Junkie,forest|wetland,low,the wildlife spotting,Just wished it was less busy.,Just add a few more trash bins.,Yes,Solo,2,7/13/2026,Yes,Cottage,Hill View Hazrat Shahjalal Mazar Jungle Lodge,"Spacious room, fast wifi, and very responsive front desk."
174,14,4,winter,Tasnim,23,Rajshahi,Off-Grid Wanderer,island|wetland,medium,the boat ride over,"Nothing major, just some crowd noise.",Just add a few more trash bins.,Yes,Friends,2,3/23/2025,Yes,Mid-range Hotel,Grand Sonargaon Coastal Inn,"Clean rooms, friendly staff, and great location - would stay again."
175,58,4,monsoon,Mahfuz,32,Bogura,Cloud Chaser,hill,low,the cool weather and cloud views,"A few minor inconveniences, nothing serious.",Could use a small info center.,Yes,Friends,5,8/20/2025,Yes,Luxury Hotel,River View Habiganj Highland Inn,"Comfortable stay, breakfast was good, checked in without any hassle."
176,23,3,any,Fariha,19,Cox's Bazar,Waterfall Hunter,waterfall,low,swimming in the cold water,slippery rocks with no railing,add safety railings near the rocks,Yes,Partner,1,3/10/2026,Yes,Hostel,The Kaptai National Park Forest Retreat,"Average experience, breakfast options were limited."
177,55,2,winter,Mahfuz,32,Sylhet,Chai & Chill,tea-garden,low,the seven-layer tea stalls,long drive with no rest stops,add rest stops along the route,No,Partner,1,8/19/2025,No,Day trip (no stay),,
178,1,3,winter,Nafis,,Jessore,Jungle Junkie,forest|wetland,low,the fresh air and greenery,trail markers were confusing,improve trail markers,Maybe,Family,2,12/10/2025,Yes,Budget Hotel,Grand Saint Martin's Island Eco Resort,"Average experience, breakfast options were limited."
179,20,5,monsoon,Nowshin,19,Jessore,Street Food Explorer,urban,low,the street food,"A few minor inconveniences, nothing serious.",A little more parking would help.,Yes,Friends,5,6/6/2025,Yes,Resort,The Himchari National Park Downtown Suites,"Great value for the price, quiet and well maintained."
180,37,2,summer,Sabbir,20,Noakhali,Heritage Nerd,heritage,high,the guided storytelling,lack of proper signage/history info,review the entry fee structure,Maybe,Family,5,9/1/2025,Yes,Resort,The Meghla Tourist Complex Heritage Inn,"Overpriced for what you actually get, quite disappointing."
181,35,3,monsoon,Ayan,31,Noakhali,Heritage Nerd,heritage,high,the intricate carvings,entry fee felt overpriced,add multilingual info boards,Maybe,Solo,1,3/3/2026,No,Day trip (no stay),,
182,28,3,summer,Sadia,26,Cumilla,Jungle Junkie,forest|wetland,low,the birdsong in the morning,trail markers were confusing,add more basic facilities,Maybe,Friends,3,2/12/2025,Yes,Cottage,Grand Char Kukri Mukri Nature Camp,Bed was comfortable but the bathroom needed better upkeep.
183,7,2,winter,Promi,28,Chattogram,Cloud Chaser,hill,medium,the scenery from the viewpoint,"rough, poorly maintained roads up",add more resting benches along the trail,Maybe,Family,2,6/26/2025,Yes,Budget Hotel,The Sylhet Tea Gardens Highland Inn,"AC barely worked and the walls were thin, could hear everything."
184,25,2,monsoon,Ruponti,31,Rajshahi,Heritage Nerd,heritage,high,the history and old architecture,entry fee felt overpriced,invest in proper restoration work,No,Family,2,7/5/2026,Yes,Budget Hotel,Sea Pearl Sitakunda Eco Park Old Town Residency,"AC barely worked and the walls were thin, could hear everything."
185,15,4,monsoon,Sabbir,22,Rajshahi,Chai & Chill,tea-garden,low,the smell of fresh tea leaves,"Nothing major, just some crowd noise.","Keep it as it is, maybe add more benches.",Yes,Family,1,1/27/2026,Yes,Guest House,Green Old Dhaka Garden View Inn,"Loved the view from the room, staff went out of their way to help."
186,58,4,summer,Rezwan,27,Barishal,Chai & Chill,tea-garden,,the smell of fresh tea leaves,,Just add a few more trash bins.,Yes,Solo,1,2/22/2026,Yes,Hostel,Grand Habiganj Green Leaf Cottage,"Spacious room, fast wifi, and very responsive front desk."
187,21,3,monsoon,Tanvir,18,Cox's Bazar,Street Food Explorer,urban,medium,the old architecture,heavy traffic and noise,reduce entry congestion during rush hour,Yes,Solo,3,6/4/2025,Yes,Resort,Sea Pearl Nilgiri Hills City Residency,"Average experience, breakfast options were limited."
188,60,4,summer,Fariha,27,Gazipur,Off-Grid Wanderer,island|wetland,high,the untouched coastline,"Nothing major, just some crowd noise.","Keep it as it is, maybe add more benches.",Yes,Friends,1,6/27/2026,Yes,Budget Hotel,Hill View Feni Beach Cottage,"Spacious room, fast wifi, and very responsive front desk."
189,22,2,,Riyad,20,Cumilla,Street Food Explorer,urban,low,how walkable everything was,heavy traffic and noise,reduce entry congestion during rush hour,No,Solo,2,1/2/2025,Yes,Budget Hotel,The Chimbuk Hill Central Inn,"AC barely worked and the walls were thin, could hear everything."
190,10,4,monsoon,Zarin,30,Sylhet,Cloud Chaser,hill,medium,the cool weather and cloud views,"A few minor inconveniences, nothing serious.",Just add a few more trash bins.,Yes,Friends,2,10/21/2025,Yes,Mid-range Hotel,Hotel Jaflong Highland Inn,
191,2,4,winter,Tania,20,Mymensingh,Heritage Nerd,heritage,medium,the guided storytelling,"Nothing major, just some crowd noise.",A little more parking would help.,Yes,Partner,1,5/1/2025,No,Day trip (no stay),,
192,50,4,winter,Piyal,18,Barishal,Waterfall Hunter,waterfall,medium,the trek through the forest to reach it,"Nothing major, just some crowd noise.",Just add a few more trash bins.,Yes,Family,4,4/8/2025,Yes,Mid-range Hotel,City Mymensingh Forest Retreat,"Spacious room, fast wifi, and very responsive front desk."
193,62,3,winter,Afra,19,Cox's Bazar,Off-Grid Wanderer,,medium,the old architecture,heavy traffic and noise,reduce entry congestion during rush hour,Yes,Family,4,2/19/2026,Yes,Mid-range Hotel,The Dhaka Downtown Suites,Location was convenient but the room could use some updating.
194,40,3,any,Tasnim,22,Dhaka,Chai & Chill,tea-garden,medium,the endless green fields,crowded on weekends,add rest stops along the route,Maybe,Friends,5,7/8/2025,Yes,Mid-range Hotel,River View Bagerhat Garden View Inn,Bed was comfortable but the bathroom needed better upkeep.
195,31,4,winter,Piyal,18,Narayanganj,Off-Grid Wanderer,island|wetland,high,the untouched coastline,Almost nothing to complain about.,"Keep it as it is, maybe add more benches.",Yes,Family,1,11/19/2025,No,Day trip (no stay),,
196,39,2,monsoon,Zarin,23,,Waterfall Hunter,waterfall,high,swimming in the cold water,too crowded during peak season,add safety railings near the rocks,Maybe,Solo,2,7/23/2025,Yes,Mid-range Hotel,Golden Hazrat Shahjalal Mazar Falls View Cottage,"Overpriced for what you actually get, quite disappointing."
197,15,3,any,Labiba,22,Mymensingh,Chai & Chill,,medium,the guided storytelling,entry fee felt overpriced,,Maybe,Family,2,10/3/2025,Yes,Budget Hotel,Golden Old Dhaka Old Town Residency,"Average experience, breakfast options were limited."
198,52,3,summer,Riyad,21,Jessore,Off-Grid Wanderer,island|wetland,medium,the peace and quiet,expensive private boat fares,fix the boat departure schedule,Yes,Friends,1,5/28/2026,No,Day trip (no stay),,
199,56,4,winter,Piyal,32,Rajshahi,Beach Baddie,beach|island,high,the fresh seafood nearby,Just wished it was less busy.,"Keep it as it is, maybe add more benches.",Yes,Partner,2,1/16/2025,Yes,Budget Hotel,Hotel Dinajpur Bay Residence,"Great value for the price, quiet and well maintained."
200,12,4,winter,Ovi,19,Rangpur,Heritage Nerd,heritage,low,the guided storytelling,"Nothing major, just some crowd noise.",Just add a few more trash bins.,Yes,Family,2,6/11/2026,Yes,Budget Hotel,Sea Pearl Paharpur Palace Guest House,"Comfortable stay, breakfast was good, checked in without any hassle."
201,8,5,monsoon,Fariha,21,Rangpur,Waterfall Hunter,waterfall,low,swimming in the cold water,Just wished it was less busy.,Could use a small info center.,Yes,Family,3,6/8/2025,Yes,Cottage,River View Ratargul Swamp Forest Forest Retreat,"Clean rooms, friendly staff, and great location - would stay again."
202,27,5,monsoon,Farhan,32,Narayanganj,Beach Baddie,beach|island,low,the sunset over the water,"A few minor inconveniences, nothing serious.",Could use a small info center.,Yes,Solo,5,10/9/2025,Yes,Luxury Hotel,Sea Pearl Nijhum Dwip Bay Residence,"Clean rooms, friendly staff, and great location - would stay again."
203,27,4,summer,Sadia,22,Cox's Bazar,Jungle Junkie,forest|wetland,low,the wildlife spotting,"A few minor inconveniences, nothing serious.",Could use a small info center.,Yes,Family,1,9/16/2025,No,Day trip (no stay),,
204,31,3,monsoon,Shafin,29,,Off-Grid Wanderer,island|wetland,low,the untouched coastline,very few food options,add more food stalls,Maybe,Partner,2,4/5/2025,Yes,Cottage,City Madhabkunda Waterfall Island Resort,Bed was comfortable but the bathroom needed better upkeep.
205,40,4,monsoon,Fahim,28,Gazipur,Off-Grid Wanderer,island|wetland,low,the peace and quiet,"Nothing major, just some crowd noise.",Just add a few more trash bins.,Yes,Partner,1,4/19/2025,No,Day trip (no stay),,
206,13,4,monsoon,Riyad,24,Barishal,Street Food Explorer,urban,low,the old architecture,"Nothing major, just some crowd noise.",Could use a small info center.,Yes,Friends,4,10/5/2025,Yes,Resort,Grand Mahasthangarh Central Inn,"Great value for the price, quiet and well maintained."
207,27,4,monsoon,Mahin,19,Jessore,Jungle Junkie,forest|wetland,low,the birdsong in the morning,Just wished it was less busy.,A little more parking would help.,Yes,Solo,3,3/10/2026,Yes,Cottage,Royal Nijhum Dwip Jungle Lodge,"Great value for the price, quiet and well maintained."
208,43,2,any,Piyal,25,Mymensingh,Jungle Junkie,forest|wetland,medium,the birdsong in the morning,mosquitoes were unbearable,provide mosquito repellent at entry,Maybe,Friends,4,10/26/2025,Yes,Resort,Hotel Khagrachari Jungle Lodge,"AC barely worked and the walls were thin, could hear everything."
209,23,3,any,Proma,26,Noakhali,Street Food Explorer,urban,low,how walkable everything was,poor signage for tourists,increase foot patrol for safety,Yes,Friends,5,1/28/2026,Yes,Resort,Hill View Kaptai National Park City Residency,Location was convenient but the room could use some updating.
210,56,5,summer,Farhan,32,Narayanganj,Waterfall Hunter,,low,the untouched coastline,Almost nothing to complain about.,Could use a small info center.,Yes,Friends,5,12/28/2025,Yes,Resort,Grand Dinajpur Coastal Inn,"Clean rooms, friendly staff, and great location - would stay again."
211,15,3,any,Nafis,22,Khulna,Waterfall Hunter,waterfall,low,the trek through the forest to reach it,slippery rocks with no railing,add safety railings near the rocks,Maybe,Partner,4,4/12/2025,Yes,Luxury Hotel,Green Old Dhaka Falls View Cottage,"Staff were helpful, though check-in took longer than expected."
212,9,2,any,Ishika,30,Sylhet,Heritage Nerd,heritage,high,the history and old architecture,poorly maintained restoration,invest in proper restoration work,Maybe,Solo,2,1/5/2025,Yes,Budget Hotel,Hotel Bisnakandi Heritage Inn,"AC barely worked and the walls were thin, could hear everything."
213,38,3,summer,Naima,20,Cumilla,Beach Baddie,,high,the fresh seafood nearby,aggressive hawkers,enforce stricter littering fines,Maybe,Partner,1,7/3/2026,No,Day trip (no stay),,
214,61,2,summer,Labiba,23,Chattogram,Off-Grid Wanderer,island|wetland,low,the boat ride over,very few food options,add more food stalls,No,Family,1,3/23/2025,Yes,Hostel,Hill View Chattogram Beach Cottage,"Booking didn't match what was shown online, felt misled."
215,57,4,winter,Ruponti,32,,Heritage Nerd,heritage,low,the guided storytelling,Almost nothing to complain about.,A little more parking would help.,Yes,Friends,2,5/13/2025,Yes,Cottage,Green Gaibandha Palace Guest House,"Spacious room, fast wifi, and very responsive front desk."
216,3,3,summer,Zayan,19,Narayanganj,Cloud Chaser,hill,low,the quiet hillside trails,not enough clean washrooms,add more resting benches along the trail,Maybe,Family,4,5/3/2026,Yes,Resort,The Bandarban Hill Resort,Location was convenient but the room could use some updating.
217,10,3,monsoon,Lamia,22,Gazipur,Chai & Chill,tea-garden,low,the endless green fields,limited entry without a guide,add rest stops along the route,Maybe,Solo,3,12/5/2025,Yes,Mid-range Hotel,Sea Pearl Jaflong Tea Garden Resort,"Staff were helpful, though check-in took longer than expected."
218,8,3,winter,Proma,26,Rangpur,Cloud Chaser,hill,high,the quiet hillside trails,"rough, poorly maintained roads up",add more resting benches along the trail,Maybe,Family,3,4/16/2025,Yes,Resort,City Ratargul Swamp Forest Hill Resort,"Decent stay overall, room was okay but a bit noisy at night."
219,49,2,summer,Ayan,20,Dhaka,Beach Baddie,beach|island,medium,the sunset over the water,litter left by other tourists,increase beach cleaning frequency,No,Family,5,2/24/2025,Yes,Resort,Hotel Tangail Beach Resort,"AC barely worked and the walls were thin, could hear everything."
220,63,1,any,Farhan,20,Khulna,Chai & Chill,tea-garden,low,the smell of fresh tea leaves,crowded on weekends,manage weekend crowd flow better,No,,2,12/21/2025,Yes,Budget Hotel,River View Dhaka Green Leaf Cottage,"Overpriced for what you actually get, quite disappointing."
221,10,4,monsoon,Arman,28,Khulna,Chai & Chill,tea-garden,medium,the seven-layer tea stalls,"A few minor inconveniences, nothing serious.",Could use a small info center.,Yes,Solo,3,1/17/2026,Yes,Cottage,City Jaflong Tea Garden Resort,"Clean rooms, friendly staff, and great location - would stay again."
222,11,3,monsoon,Nusrat,25,Cumilla,Chai & Chill,tea-garden,medium,the seven-layer tea stalls,crowded on weekends,allow self-guided walking sections,Maybe,Partner,3,1/23/2025,Yes,Resort,Grand Tanguar Haor Tea Garden Resort,"Decent stay overall, room was okay but a bit noisy at night."
223,65,4,monsoon,Rifat,30,,Beach Baddie,,high,the intricate carvings,Almost nothing to complain about.,Could use a small info center.,Yes,Family,2,4/21/2025,Yes,Cottage,City Barguna Old Town Residency,"Loved the view from the room, staff went out of their way to help."
224,20,2,summer,Rakib,18,Jessore,Cloud Chaser,hill,medium,the quiet hillside trails,"rough, poorly maintained roads up",install proper restrooms at the viewpoints,No,Solo,1,6/28/2026,Yes,Guest House,Grand Himchari National Park Highland Inn,"Room wasn't as clean as expected, wouldn't book again."
225,23,4,winter,Riyad,25,Rajshahi,Chai & Chill,tea-garden,high,the smell of fresh tea leaves,"A few minor inconveniences, nothing serious.",Just add a few more trash bins.,Yes,Family,2,7/13/2025,Yes,Guest House,Royal Kaptai National Park Garden View Inn,"Comfortable stay, breakfast was good, checked in without any hassle."
226,8,5,summer,Fariha,31,Bogura,Waterfall Hunter,,low,the cool weather and cloud views,Just wished it was less busy.,"Keep it as it is, maybe add more benches.",Yes,Partner,1,4/3/2026,No,Day trip (no stay),,
227,65,5,any,Shovon,31,Cox's Bazar,Off-Grid Wanderer,island|wetland,low,the boat ride over,"A few minor inconveniences, nothing serious.",A little more parking would help.,Yes,Solo,2,6/12/2025,Yes,Cottage,Hill View Barguna Island Resort,"Loved the view from the room, staff went out of their way to help."
228,11,2,monsoon,Labiba,21,Rajshahi,Beach Baddie,beach|island,low,the fresh seafood nearby,overpriced beachside food,add designated food stalls with fixed prices,No,Friends,3,5/5/2025,Yes,Cottage,River View Tanguar Haor Shore Palace,"Room wasn't as clean as expected, wouldn't book again."
229,16,2,monsoon,Naima,23,Dhaka,Heritage Nerd,heritage,high,the intricate carvings,entry fee felt overpriced,add multilingual info boards,Maybe,Solo,2,5/15/2025,Yes,Cottage,Hill View Lalbagh Fort Heritage Inn,"Overpriced for what you actually get, quite disappointing."
230,10,3,any,Lamia,28,Jessore,Cloud Chaser,hill,high,the scenery from the viewpoint,not enough clean washrooms,improve road maintenance for the monsoon season,Maybe,Partner,4,9/20/2025,Yes,Luxury Hotel,City Jaflong Cloud Nine Cottage,Bed was comfortable but the bathroom needed better upkeep.
231,9,3,summer,Fahim,18,Chattogram,Street Food Explorer,urban,medium,how walkable everything was,heavy traffic and noise,add clearer tourist signage,Maybe,Friends,4,7/28/2026,Yes,Luxury Hotel,River View Bisnakandi Central Inn,"Average experience, breakfast options were limited."
232,53,3,any,Riyad,28,Khulna,Street Food Explorer,urban,medium,how walkable everything was,pickpocket warnings from locals,add clearer tourist signage,Maybe,Friends,1,10/12/2025,No,Day trip (no stay),,
233,6,4,monsoon,Rafi,25,Sylhet,Beach Baddie,beach|island,low,the sunset over the water,Just wished it was less busy.,Just add a few more trash bins.,Yes,Friends,1,4/25/2025,No,Day trip (no stay),,
234,48,3,monsoon,Rakib,22,Barishal,Off-Grid Wanderer,island|wetland,high,the boat ride over,unreliable boat schedules,,Yes,Family,2,4/7/2026,Yes,Guest House,Grand Gazipur Island Resort,"Staff were helpful, though check-in took longer than expected."
235,45,3,monsoon,Rida,18,Cox's Bazar,Jungle Junkie,forest|wetland,low,the birdsong in the morning,trail markers were confusing,improve trail markers,Yes,Family,2,10/1/2025,Yes,Guest House,Hill View Rangamati Nature Camp,"Staff were helpful, though check-in took longer than expected."
236,19,4,winter,Tania,18,Barishal,Jungle Junkie,forest|wetland,low,the fresh air and greenery,"A few minor inconveniences, nothing serious.",Just add a few more trash bins.,Yes,Family,1,1/4/2025,No,Day trip (no stay),,
237,49,4,monsoon,Ishika,26,Bogura,Off-Grid Wanderer,island|wetland,low,the untouched coastline,Just wished it was less busy.,"Keep it as it is, maybe add more benches.",Yes,Family,5,3/25/2026,Yes,Luxury Hotel,Hill View Tangail Beach Cottage,"Loved the view from the room, staff went out of their way to help."
238,40,2,summer,Nafis,22,Gazipur,Cloud Chaser,hill,low,the scenery from the viewpoint,overcrowded viewpoints on weekends,install proper restrooms at the viewpoints,No,Family,3,10/5/2025,Yes,Mid-range Hotel,Sea Pearl Bagerhat Cloud Nine Cottage,"AC barely worked and the walls were thin, could hear everything."
239,14,5,any,Rudro,18,Rangpur,Street Food Explorer,urban,low,how walkable everything was,Almost nothing to complain about.,Could use a small info center.,Yes,Friends,2,7/9/2025,Yes,Budget Hotel,Hotel Sonargaon Downtown Suites,"Loved the view from the room, staff went out of their way to help."
240,48,5,summer,Zayan,21,Chattogram,Beach Baddie,beach|island,medium,the fresh seafood nearby,Almost nothing to complain about.,A little more parking would help.,Yes,Solo,1,3/20/2026,Yes,Hostel,Royal Gazipur Sea View,"Clean rooms, friendly staff, and great location - would stay again."
241,10,2,monsoon,Fariha,32,Jessore,Heritage Nerd,heritage,medium,the guided storytelling,entry fee felt overpriced,add multilingual info boards,Maybe,Partner,2,3/28/2025,Yes,Budget Hotel,Hill View Jaflong Old Town Residency,"Room wasn't as clean as expected, wouldn't book again."
242,15,5,any,Rezwan,23,Jessore,Street Food Explorer,urban,high,the street food,Just wished it was less busy.,A little more parking would help.,Yes,Friends,4,4/17/2026,Yes,Luxury Hotel,Hill View Old Dhaka City Residency,"Comfortable stay, breakfast was good, checked in without any hassle."
243,1,3,summer,Nusrat,29,Noakhali,Heritage Nerd,heritage,medium,the intricate carvings,entry fee felt overpriced,invest in proper restoration work,Maybe,Friends,2,3/18/2025,Yes,Cottage,The Saint Martin's Island Old Town Residency,"Average experience, breakfast options were limited."
244,22,4,summer,Shanto,32,Cumilla,Cloud Chaser,hill,medium,the scenery from the viewpoint,Just wished it was less busy.,Just add a few more trash bins.,Yes,Partner,3,6/21/2025,Yes,Cottage,Hill View Chimbuk Hill Cloud Nine Cottage,"Great value for the price, quiet and well maintained."
245,41,3,any,Nabila,30,Cumilla,Heritage Nerd,heritage,medium,the intricate carvings,entry fee felt overpriced,invest in proper restoration work,Maybe,Family,1,6/24/2025,No,Day trip (no stay),,
246,10,5,monsoon,Tonmoy,27,Narayanganj,Cloud Chaser,hill,high,the scenery from the viewpoint,"A few minor inconveniences, nothing serious.",Just add a few more trash bins.,Yes,Friends,2,10/13/2025,Yes,Cottage,River View Jaflong Valley View Lodge,"Spacious room, fast wifi, and very responsive front desk."
247,37,4,monsoon,Nafis,18,Dhaka,Chai & Chill,tea-garden,low,the smell of fresh tea leaves,"A few minor inconveniences, nothing serious.",Could use a small info center.,Yes,Partner,5,2/4/2026,Yes,Mid-range Hotel,Hill View Meghla Tourist Complex Tea Garden Resort,"Great value for the price, quiet and well maintained."
248,29,4,monsoon,Adnan,24,Gazipur,Jungle Junkie,forest|wetland,medium,the birdsong in the morning,"Nothing major, just some crowd noise.",A little more parking would help.,Yes,Solo,2,4/4/2025,Yes,Guest House,Hill View Panam Nagar Eco Resort,
249,9,3,summer,Zayan,18,Bogura,Cloud Chaser,hill,,the cool weather and cloud views,not enough clean washrooms,improve road maintenance for the monsoon season,Yes,Partner,3,8/16/2025,Yes,Mid-range Hotel,City Bisnakandi Cloud Nine Cottage,Bed was comfortable but the bathroom needed better upkeep.
250,33,4,,Orin,22,Dhaka,Chai & Chill,tea-garden,medium,the endless green fields,"Nothing major, just some crowd noise.",A little more parking would help.,Yes,Friends,1,10/7/2025,Yes,Budget Hotel,River View Teknaf Tea Garden Resort,"Loved the view from the room, staff went out of their way to help."
251,22,2,monsoon,Nowshin,32,Cumilla,Waterfall Hunter,waterfall,high,the trek through the forest to reach it,slippery rocks with no railing,regulate vendor pricing,Maybe,Partner,1,8/27/2025,No,Day trip (no stay),,
252,40,4,any,Fariha,26,Chattogram,Waterfall Hunter,waterfall,medium,the sound of the falls,"A few minor inconveniences, nothing serious.",Just add a few more trash bins.,Yes,Family,2,8/14/2025,Yes,Guest House,Green Bagerhat Nature Lodge,"Clean rooms, friendly staff, and great location - would stay again."
253,53,3,winter,Meherin,30,Chattogram,Off-Grid Wanderer,island|wetland,high,the peace and quiet,very few food options,cap private boat fares,Maybe,Solo,5,5/18/2025,Yes,Resort,Royal Kushtia Island Resort,"Staff were helpful, though check-in took longer than expected."
254,63,2,winter,Promi,30,,Chai & Chill,tea-garden,low,the seven-layer tea stalls,limited entry without a guide,,Maybe,Family,2,2/7/2026,Yes,Guest House,Royal Dhaka Green Leaf Cottage,"Overpriced for what you actually get, quite disappointing."
255,15,2,summer,Orin,31,Rangpur,Off-Grid Wanderer,island|wetland,low,the peace and quiet,very few food options,add more food stalls,No,,2,1/15/2026,Yes,Cottage,Hotel Old Dhaka Beach Cottage,"Room wasn't as clean as expected, wouldn't book again."
256,53,2,monsoon,Afra,18,Noakhali,Beach Baddie,beach|island,medium,the fresh seafood nearby,overpriced beachside food,add designated food stalls with fixed prices,No,Solo,5,7/20/2026,Yes,Mid-range Hotel,Hotel Kushtia Beach Resort,"AC barely worked and the walls were thin, could hear everything."
257,40,3,summer,Lamia,27,Sylhet,Chai & Chill,tea-garden,,the seven-layer tea stalls,crowded on weekends,,Maybe,Solo,4,10/21/2025,Yes,Mid-range Hotel,Sea Pearl Bagerhat Tea Garden Resort,Location was convenient but the room could use some updating.
258,5,4,winter,Ayan,27,Sylhet,Beach Baddie,beach|island,low,the fresh seafood nearby,Almost nothing to complain about.,,Yes,,1,7/10/2026,Yes,Guest House,Grand Sundarbans Sea View,"Great value for the price, quiet and well maintained."
259,37,3,monsoon,Orin,22,Bogura,Cloud Chaser,hill,low,the quiet hillside trails,not enough clean washrooms,add more resting benches along the trail,Yes,Friends,3,3/4/2026,Yes,Resort,Grand Meghla Tourist Complex Highland Inn,"Average experience, breakfast options were limited."
260,16,3,monsoon,Tonmoy,25,Khulna,Chai & Chill,tea-garden,medium,the endless green fields,crowded on weekends,manage weekend crowd flow better,Maybe,Partner,3,7/7/2026,Yes,Mid-range Hotel,Hotel Lalbagh Fort Green Leaf Cottage,Location was convenient but the room could use some updating.
261,65,2,any,Sifat,25,,Beach Baddie,beach|island,medium,the sunset over the water,litter left by other tourists,add designated food stalls with fixed prices,No,Partner,1,7/25/2026,Yes,Hostel,Grand Barguna Bay Residence,"Overpriced for what you actually get, quite disappointing."
262,41,3,summer,Arman,19,Cox's Bazar,Chai & Chill,tea-garden,medium,the endless green fields,crowded on weekends,allow self-guided walking sections,Maybe,Friends,1,9/8/2025,Yes,Budget Hotel,The Panchagarh Tea Garden Resort,Bed was comfortable but the bathroom needed better upkeep.
263,20,3,winter,Sifat,19,Gazipur,Beach Baddie,beach|island,medium,the sunset over the water,overpriced beachside food,increase beach cleaning frequency,Maybe,Family,5,1/10/2026,Yes,Mid-range Hotel,The Himchari National Park Shore Palace,"Staff were helpful, though check-in took longer than expected."
264,23,2,,Ishika,24,Rajshahi,Off-Grid Wanderer,,high,the old architecture,heavy traffic and noise,add clearer tourist signage,No,Friends,1,6/2/2026,Yes,Guest House,Green Kaptai National Park Downtown Suites,"Poor service at the front desk, had to wait too long for check-in."
265,50,1,winter,Lamia,27,Chattogram,Chai & Chill,tea-garden,low,the smell of fresh tea leaves,limited entry without a guide,allow self-guided walking sections,No,Family,4,2/28/2025,Yes,Resort,The Mymensingh Tea Garden Resort,"Overpriced for what you actually get, quite disappointing."
266,45,3,,Sumaiya,20,Noakhali,Beach Baddie,beach|island,high,the fresh seafood nearby,overpriced beachside food,add designated food stalls with fixed prices,Maybe,Solo,4,4/27/2026,Yes,Luxury Hotel,City Rangamati Bay Residence,
267,65,4,winter,Farhan,29,Barishal,Beach Baddie,,low,the quiet hillside trails,"A few minor inconveniences, nothing serious.","Keep it as it is, maybe add more benches.",Yes,Solo,3,3/2/2026,Yes,Resort,Hotel Barguna Hill Resort,"Spacious room, fast wifi, and very responsive front desk."
268,48,4,monsoon,Naima,18,,Off-Grid Wanderer,island|wetland,low,the untouched coastline,Almost nothing to complain about.,Just add a few more trash bins.,Yes,,2,3/23/2026,Yes,Cottage,Sea Pearl Gazipur Beach Cottage,"Loved the view from the room, staff went out of their way to help."
269,25,3,winter,Tonmoy,25,Rangpur,Off-Grid Wanderer,island|wetland,low,the untouched coastline,expensive private boat fares,add more food stalls,Yes,Solo,2,7/22/2025,Yes,Budget Hotel,The Sitakunda Eco Park Island Resort,"Average experience, breakfast options were limited."
270,35,5,winter,Nusrat,27,Cumilla,Street Food Explorer,urban,low,the old architecture,"Nothing major, just some crowd noise.",Just add a few more trash bins.,Yes,Friends,5,1/2/2025,Yes,Mid-range Hotel,Sea Pearl Foy's Lake City Residency,"Great value for the price, quiet and well maintained."
271,11,3,summer,Rifat,26,Mymensingh,Off-Grid Wanderer,island|wetland,medium,the boat ride over,unreliable boat schedules,add more food stalls,Maybe,Partner,5,5/22/2026,Yes,Luxury Hotel,Grand Tanguar Haor Beach Cottage,Bed was comfortable but the bathroom needed better upkeep.
272,13,3,monsoon,Mim,31,Rajshahi,Cloud Chaser,hill,medium,the quiet hillside trails,not enough clean washrooms,improve road maintenance for the monsoon season,Maybe,Family,2,3/16/2026,Yes,Guest House,Royal Mahasthangarh Cloud Nine Cottage,"Staff were helpful, though check-in took longer than expected."
273,30,2,any,Labiba,20,Chattogram,Jungle Junkie,forest|wetland,low,the wildlife spotting,mosquitoes were unbearable,provide mosquito repellent at entry,No,Solo,3,7/10/2025,Yes,Resort,Hotel Comilla Nature Camp,"Poor service at the front desk, had to wait too long for check-in."
274,6,3,monsoon,Lamia,27,Cox's Bazar,Off-Grid Wanderer,island|wetland,high,the untouched coastline,very few food options,fix the boat departure schedule,Maybe,Partner,5,6/12/2026,Yes,Luxury Hotel,Hill View Kuakata Sea Beach Island Resort,"Staff were helpful, though check-in took longer than expected."
275,3,4,any,Rida,29,Noakhali,Jungle Junkie,forest|wetland,low,the fresh air and greenery,Just wished it was less busy.,,Yes,Family,2,2/24/2026,Yes,Cottage,Sea Pearl Bandarban Eco Resort,"Comfortable stay, breakfast was good, checked in without any hassle."
276,37,4,summer,Nowshin,28,Bogura,Chai & Chill,tea-garden,medium,the seven-layer tea stalls,Almost nothing to complain about.,Could use a small info center.,Yes,Partner,2,2/4/2025,Yes,Budget Hotel,River View Meghla Tourist Complex Tea Garden Resort,"Comfortable stay, breakfast was good, checked in without any hassle."
277,27,5,summer,Proma,,Sylhet,Cloud Chaser,hill,low,the quiet hillside trails,"A few minor inconveniences, nothing serious.","Keep it as it is, maybe add more benches.",Yes,Family,2,8/21/2025,Yes,Budget Hotel,Golden Nijhum Dwip Valley View Lodge,"Comfortable stay, breakfast was good, checked in without any hassle."
278,23,3,monsoon,Fahim,29,Rangpur,Cloud Chaser,hill,low,the cool weather and cloud views,"rough, poorly maintained roads up",add more resting benches along the trail,Maybe,Friends,3,1/8/2026,Yes,Resort,River View Kaptai National Park Hill Resort,Bed was comfortable but the bathroom needed better upkeep.
279,32,4,winter,Tania,18,Dhaka,Chai & Chill,,low,the fresh seafood nearby,Almost nothing to complain about.,Just add a few more trash bins.,Yes,Family,1,4/9/2026,No,Day trip (no stay),,
280,22,4,monsoon,Rifat,18,Khulna,Chai & Chill,tea-garden,low,the smell of fresh tea leaves,"Nothing major, just some crowd noise.","Keep it as it is, maybe add more benches.",Yes,Friends,2,6/1/2026,Yes,Cottage,Golden Chimbuk Hill Garden View Inn,
281,10,3,summer,Rezwan,29,Chattogram,Jungle Junkie,forest|wetland,medium,the wildlife spotting,trail markers were confusing,add more basic facilities,Yes,Partner,1,3/1/2026,No,Day trip (no stay),,
282,3,4,any,Rida,26,Rajshahi,Waterfall Hunter,waterfall,medium,swimming in the cold water,"A few minor inconveniences, nothing serious.","Keep it as it is, maybe add more benches.",Yes,Partner,3,2/26/2025,Yes,Resort,The Bandarban Nature Lodge,"Loved the view from the room, staff went out of their way to help."
283,15,3,monsoon,Nabila,32,Sylhet,Beach Baddie,beach|island,low,the wide open sand,litter left by other tourists,,Maybe,Partner,4,6/1/2026,Yes,Mid-range Hotel,The Old Dhaka Beach Resort,"Staff were helpful, though check-in took longer than expected."
284,5,3,monsoon,Shafin,24,Chattogram,Chai & Chill,tea-garden,low,the endless green fields,crowded on weekends,allow self-guided walking sections,Yes,Friends,1,1/15/2026,No,Day trip (no stay),,
285,55,5,summer,Lamia,28,Barishal,Jungle Junkie,forest|wetland,medium,the birdsong in the morning,"A few minor inconveniences, nothing serious.",A little more parking would help.,Yes,Solo,4,5/25/2025,Yes,Resort,Hotel Naogaon Jungle Lodge,"Clean rooms, friendly staff, and great location - would stay again."
286,28,3,any,Labiba,30,Noakhali,Chai & Chill,tea-garden,medium,the endless green fields,long drive with no rest stops,add rest stops along the route,Maybe,Family,1,5/21/2026,No,Day trip (no stay),,
287,56,4,winter,Promi,31,,Jungle Junkie,forest|wetland,,the fresh air and greenery,"Nothing major, just some crowd noise.",Could use a small info center.,Yes,Friends,5,4/23/2026,Yes,Luxury Hotel,Green Dinajpur Eco Resort,"Loved the view from the room, staff went out of their way to help."
288,45,3,monsoon,Fariha,26,Gazipur,Jungle Junkie,forest|wetland,high,the fresh air and greenery,trail markers were confusing,add more basic facilities,Yes,Friends,1,1/10/2026,Yes,Budget Hotel,Royal Rangamati Jungle Lodge,"Staff were helpful, though check-in took longer than expected."
289,41,3,monsoon,Labiba,28,Noakhali,Beach Baddie,beach|island,high,the wide open sand,litter left by other tourists,add designated food stalls with fixed prices,Yes,Solo,2,3/25/2025,Yes,Cottage,City Panchagarh Bay Residence,"Staff were helpful, though check-in took longer than expected."
290,48,4,monsoon,Riyad,23,Rajshahi,Jungle Junkie,forest|wetland,medium,the birdsong in the morning,Just wished it was less busy.,Could use a small info center.,Yes,Solo,2,3/16/2025,Yes,Guest House,Green Gazipur Nature Camp,"Great value for the price, quiet and well maintained."
291,21,3,summer,Anika,20,Barishal,Jungle Junkie,forest|wetland,,the fresh air and greenery,very limited facilities,,Yes,Family,4,3/21/2025,Yes,Resort,Hotel Nilgiri Hills Eco Resort,"Average experience, breakfast options were limited."
292,37,3,summer,Lamia,22,,Cloud Chaser,hill,medium,the quiet hillside trails,"rough, poorly maintained roads up",install proper restrooms at the viewpoints,Yes,Family,2,10/8/2025,Yes,Budget Hotel,Royal Meghla Tourist Complex Valley View Lodge,"Staff were helpful, though check-in took longer than expected."
293,18,3,any,Tahmid,30,Noakhali,Waterfall Hunter,waterfall,medium,swimming in the cold water,too crowded during peak season,limit visitor numbers during peak hours,Yes,Friends,3,10/23/2025,Yes,Resort,Royal Srimangal Nature Lodge,"Staff were helpful, though check-in took longer than expected."
294,17,4,any,Rifat,23,Khulna,Street Food Explorer,urban,low,how walkable everything was,Almost nothing to complain about.,A little more parking would help.,Yes,Friends,5,8/25/2025,Yes,Mid-range Hotel,Royal Ahsan Manzil Downtown Suites,"Comfortable stay, breakfast was good, checked in without any hassle."
295,65,5,any,Tonmoy,22,,Beach Baddie,beach|island,low,the fresh seafood nearby,"A few minor inconveniences, nothing serious.",Just add a few more trash bins.,Yes,Partner,2,7/11/2026,Yes,Budget Hotel,City Barguna Sea View,"Loved the view from the room, staff went out of their way to help."
296,25,3,winter,Tahmid,28,,Cloud Chaser,hill,low,the quiet hillside trails,not enough clean washrooms,install proper restrooms at the viewpoints,Maybe,Friends,2,12/6/2025,Yes,Mid-range Hotel,Royal Sitakunda Eco Park Valley View Lodge,"Decent stay overall, room was okay but a bit noisy at night."
297,37,2,monsoon,Fariha,,Khulna,Cloud Chaser,hill,high,the scenery from the viewpoint,not enough clean washrooms,improve road maintenance for the monsoon season,No,Family,1,1/17/2025,No,Day trip (no stay),,
298,23,4,monsoon,Tonmoy,19,Khulna,Heritage Nerd,heritage,high,the intricate carvings,"A few minor inconveniences, nothing serious.",Just add a few more trash bins.,Yes,Friends,2,1/27/2026,Yes,Mid-range Hotel,River View Kaptai National Park Heritage Inn,"Loved the view from the room, staff went out of their way to help."
299,32,3,winter,Mim,28,Jessore,Chai & Chill,tea-garden,,the seven-layer tea stalls,limited entry without a guide,add rest stops along the route,Yes,Family,1,2/17/2025,Yes,Budget Hotel,River View Cox's Bazar Garden View Inn,"Average experience, breakfast options were limited."
300,27,5,,Adnan,,Chattogram,Street Food Explorer,urban,medium,the old architecture,"Nothing major, just some crowd noise.",Just add a few more trash bins.,Yes,Solo,2,4/8/2025,Yes,Mid-range Hotel,Grand Nijhum Dwip Central Inn,"Great value for the price, quiet and well maintained."
301,61,5,winter,Anika,23,Cox's Bazar,Waterfall Hunter,waterfall,low,the trek through the forest to reach it,"A few minor inconveniences, nothing serious.",A little more parking would help.,Yes,Solo,4,1/21/2026,Yes,Resort,Green Chattogram Nature Lodge,"Great value for the price, quiet and well maintained."
302,37,3,winter,Meherin,26,Mymensingh,Beach Baddie,beach|island,medium,the fresh seafood nearby,litter left by other tourists,enforce stricter littering fines,Yes,Solo,3,6/23/2026,Yes,Resort,Hotel Meghla Tourist Complex Beach Resort,Bed was comfortable but the bathroom needed better upkeep.
303,17,3,any,Sabbir,20,Sylhet,Waterfall Hunter,waterfall,low,the sound of the falls,slippery rocks with no railing,limit visitor numbers during peak hours,Maybe,Family,3,8/2/2025,Yes,Resort,The Ahsan Manzil Nature Lodge,"Decent stay overall, room was okay but a bit noisy at night."
304,15,3,winter,Anika,23,Barishal,Jungle Junkie,forest|wetland,medium,the birdsong in the morning,trail markers were confusing,provide mosquito repellent at entry,Yes,Partner,2,3/6/2025,Yes,Budget Hotel,City Old Dhaka Nature Camp,Location was convenient but the room could use some updating.
305,39,3,any,Mahfuz,20,Narayanganj,Chai & Chill,tea-garden,high,the endless green fields,long drive with no rest stops,manage weekend crowd flow better,Yes,Family,1,4/21/2025,Yes,Hostel,Golden Hazrat Shahjalal Mazar Green Leaf Cottage,"Decent stay overall, room was okay but a bit noisy at night."
306,30,5,winter,Labiba,30,Jessore,Beach Baddie,beach|island,medium,the wide open sand,Just wished it was less busy.,,Yes,Friends,5,7/14/2025,Yes,Resort,The Comilla Bay Residence,"Loved the view from the room, staff went out of their way to help."
307,41,4,winter,Zayan,19,Sylhet,Street Food Explorer,urban,medium,the old architecture,Almost nothing to complain about.,Could use a small info center.,Yes,Solo,2,9/1/2025,Yes,Budget Hotel,The Panchagarh City Residency,"Loved the view from the room, staff went out of their way to help."
308,35,3,summer,Shafin,32,Narayanganj,Heritage Nerd,heritage,medium,the guided storytelling,lack of proper signage/history info,add multilingual info boards,Yes,Solo,2,2/1/2026,Yes,Cottage,Hill View Foy's Lake Heritage Inn,"Average experience, breakfast options were limited."
309,3,3,winter,Ayan,27,Rajshahi,Beach Baddie,beach|island,high,the fresh seafood nearby,aggressive hawkers,increase beach cleaning frequency,Maybe,Friends,1,8/16/2025,No,Day trip (no stay),,
310,4,3,winter,Tanvir,25,Bogura,Beach Baddie,beach|island,low,the sunset over the water,aggressive hawkers,increase beach cleaning frequency,Yes,Friends,4,2/15/2026,Yes,Luxury Hotel,Hill View Rangamati Shore Palace,"Average experience, breakfast options were limited."
311,53,3,monsoon,Nafis,22,Rajshahi,Street Food Explorer,urban,low,the street food,pickpocket warnings from locals,reduce entry congestion during rush hour,Yes,Friends,4,11/14/2025,Yes,Mid-range Hotel,Green Kushtia City Residency,Location was convenient but the room could use some updating.
312,39,3,,Proma,23,Cox's Bazar,Cloud Chaser,hill,,the cool weather and cloud views,"rough, poorly maintained roads up",add more resting benches along the trail,Yes,Solo,3,2/1/2025,Yes,Cottage,Green Hazrat Shahjalal Mazar Hill Resort,Location was convenient but the room could use some updating.
313,21,3,winter,Rafi,23,Rajshahi,Jungle Junkie,forest|wetland,low,the wildlife spotting,very limited facilities,add more basic facilities,Yes,Family,2,12/2/2025,Yes,Guest House,Royal Nilgiri Hills Jungle Lodge,Bed was comfortable but the bathroom needed better upkeep.
314,34,3,summer,Sumaiya,31,Dhaka,Heritage Nerd,heritage,low,the intricate carvings,entry fee felt overpriced,review the entry fee structure,Maybe,Family,1,3/5/2025,Yes,Budget Hotel,Green Barind Museum & Varendra Research Heritage Inn,"Average experience, breakfast options were limited."
315,52,3,winter,Ishika,32,Cumilla,Street Food Explorer,urban,low,the street food,heavy traffic and noise,reduce entry congestion during rush hour,Yes,Friends,4,5/15/2025,Yes,Resort,Grand Mongla Central Inn,"Average experience, breakfast options were limited."
316,55,4,winter,Zarin,21,Sylhet,Jungle Junkie,forest|wetland,medium,the birdsong in the morning,Just wished it was less busy.,A little more parking would help.,Yes,Family,5,6/21/2025,Yes,Mid-range Hotel,Green Naogaon Nature Camp,"Clean rooms, friendly staff, and great location - would stay again."
317,50,4,summer,Zarin,31,Chattogram,Street Food Explorer,urban,low,how walkable everything was,Just wished it was less busy.,A little more parking would help.,Yes,Solo,1,6/4/2026,Yes,Hostel,Hotel Mymensingh Downtown Suites,"Loved the view from the room, staff went out of their way to help."
318,2,4,any,Meherin,29,Cumilla,Jungle Junkie,forest|wetland,medium,the wildlife spotting,"A few minor inconveniences, nothing serious.","Keep it as it is, maybe add more benches.",Yes,Partner,2,7/17/2026,Yes,Guest House,Grand Sajek Valley Eco Resort,"Great value for the price, quiet and well maintained."
319,11,3,summer,Sifat,23,Gazipur,Jungle Junkie,forest|wetland,low,the wildlife spotting,trail markers were confusing,provide mosquito repellent at entry,Maybe,Partner,2,1/21/2025,Yes,Guest House,Sea Pearl Tanguar Haor Jungle Lodge,Location was convenient but the room could use some updating.
320,52,2,monsoon,Shanto,27,Khulna,Chai & Chill,tea-garden,high,the seven-layer tea stalls,long drive with no rest stops,allow self-guided walking sections,Maybe,Family,5,4/9/2026,Yes,Mid-range Hotel,River View Mongla Green Leaf Cottage,"AC barely worked and the walls were thin, could hear everything."
321,11,3,any,Tanvir,29,Rangpur,Beach Baddie,,low,the birdsong in the morning,mosquitoes were unbearable,provide mosquito repellent at entry,Yes,Friends,4,8/11/2025,Yes,Resort,The Tanguar Haor Jungle Lodge,"Average experience, breakfast options were limited."
322,50,5,monsoon,Anika,30,Dhaka,Cloud Chaser,hill,low,the scenery from the viewpoint,Just wished it was less busy.,Just add a few more trash bins.,Yes,Partner,5,3/11/2026,Yes,Resort,Hill View Mymensingh Hill Resort,"Spacious room, fast wifi, and very responsive front desk."
323,16,4,summer,Sadia,32,Rangpur,Chai & Chill,tea-garden,low,the endless green fields,"Nothing major, just some crowd noise.","Keep it as it is, maybe add more benches.",Yes,Friends,1,12/3/2025,Yes,Budget Hotel,River View Lalbagh Fort Green Leaf Cottage,"Spacious room, fast wifi, and very responsive front desk."
324,47,2,summer,Piyal,24,Rangpur,Chai & Chill,tea-garden,low,the seven-layer tea stalls,long drive with no rest stops,manage weekend crowd flow better,Maybe,Partner,1,4/25/2025,Yes,Hostel,Sea Pearl Gazipur Green Leaf Cottage,"Overpriced for what you actually get, quite disappointing."
325,44,4,summer,Shanto,28,Mymensingh,Chai & Chill,tea-garden,low,the smell of fresh tea leaves,"A few minor inconveniences, nothing serious.","Keep it as it is, maybe add more benches.",Yes,Friends,2,12/6/2025,Yes,Guest House,Sea Pearl Khagrachari Garden View Inn,"Comfortable stay, breakfast was good, checked in without any hassle."
326,43,2,winter,Arman,28,Sylhet,Waterfall Hunter,waterfall,medium,the trek through the forest to reach it,too crowded during peak season,add safety railings near the rocks,Maybe,Solo,4,1/3/2025,Yes,Luxury Hotel,Grand Khagrachari Falls View Cottage,"AC barely worked and the walls were thin, could hear everything."
327,44,2,summer,Sabbir,19,Khulna,Beach Baddie,beach|island,low,the wide open sand,overpriced beachside food,enforce stricter littering fines,Maybe,Family,4,1/2/2026,Yes,Luxury Hotel,Hill View Khagrachari Bay Residence,
328,29,4,summer,Tonmoy,19,Rajshahi,Chai & Chill,tea-garden,medium,the seven-layer tea stalls,Almost nothing to complain about.,Could use a small info center.,Yes,Friends,4,1/11/2026,Yes,Mid-range Hotel,Hill View Panam Nagar Garden View Inn,"Great value for the price, quiet and well maintained."
329,12,3,winter,Anika,26,Jessore,Beach Baddie,beach|island,medium,the fresh seafood nearby,aggressive hawkers,add designated food stalls with fixed prices,Yes,Friends,1,8/27/2025,Yes,Guest House,The Paharpur Sea View,
330,39,4,winter,Ishrat,19,Noakhali,Off-Grid Wanderer,island|wetland,low,the untouched coastline,Just wished it was less busy.,,Yes,Friends,5,11/13/2025,Yes,Mid-range Hotel,Green Hazrat Shahjalal Mazar Island Resort,"Great value for the price, quiet and well maintained."
331,57,4,summer,Shanto,25,Khulna,Chai & Chill,,low,the intricate carvings,"A few minor inconveniences, nothing serious.",A little more parking would help.,Yes,Solo,1,10/7/2025,Yes,Budget Hotel,Hill View Gaibandha Palace Guest House,"Loved the view from the room, staff went out of their way to help."
332,32,3,any,Adnan,23,Rajshahi,Off-Grid Wanderer,island|wetland,low,the boat ride over,expensive private boat fares,cap private boat fares,Maybe,,5,5/4/2025,Yes,Mid-range Hotel,Hotel Cox's Bazar Coastal Inn,"Staff were helpful, though check-in took longer than expected."
333,44,5,any,Fariha,31,Chattogram,Waterfall Hunter,,medium,the boat ride over,"A few minor inconveniences, nothing serious.",A little more parking would help.,Yes,Family,3,6/8/2025,Yes,Mid-range Hotel,The Khagrachari Island Resort,
334,18,3,monsoon,Rudro,32,Dhaka,Heritage Nerd,heritage,high,the guided storytelling,lack of proper signage/history info,add multilingual info boards,Maybe,Solo,3,3/4/2026,Yes,Cottage,Royal Srimangal Old Town Residency,"Staff were helpful, though check-in took longer than expected."
335,10,2,summer,Ishrat,,Cumilla,Heritage Nerd,,low,the old architecture,heavy traffic and noise,reduce entry congestion during rush hour,Maybe,Friends,1,2/4/2026,Yes,Budget Hotel,Hill View Jaflong Central Inn,"Room wasn't as clean as expected, wouldn't book again."
336,34,3,winter,Rudro,28,Cumilla,Chai & Chill,tea-garden,high,the endless green fields,limited entry without a guide,allow self-guided walking sections,Yes,Family,5,12/18/2025,Yes,Luxury Hotel,Grand Barind Museum & Varendra Research Garden View Inn,Bed was comfortable but the bathroom needed better upkeep.
337,57,3,winter,Imran,18,Noakhali,Waterfall Hunter,waterfall,medium,the trek through the forest to reach it,slippery rocks with no railing,add safety railings near the rocks,Maybe,Family,1,5/22/2026,Yes,Guest House,Golden Gaibandha Nature Lodge,"Staff were helpful, though check-in took longer than expected."
338,56,2,,Trisha,32,Cumilla,Street Food Explorer,urban,high,the street food,poor signage for tourists,add clearer tourist signage,No,Solo,1,6/5/2025,Yes,Hostel,City Dinajpur City Residency,"Poor service at the front desk, had to wait too long for check-in."
339,11,1,any,Ishrat,29,Noakhali,Street Food Explorer,urban,medium,the old architecture,heavy traffic and noise,increase foot patrol for safety,Maybe,Family,3,5/7/2026,Yes,Mid-range Hotel,Hill View Tanguar Haor City Residency,"Poor service at the front desk, had to wait too long for check-in."
340,52,3,monsoon,Piyal,20,Gazipur,Waterfall Hunter,waterfall,low,swimming in the cold water,vendors overcharging tourists,limit visitor numbers during peak hours,Yes,Friends,2,7/23/2026,Yes,Budget Hotel,River View Mongla Falls View Cottage,Bed was comfortable but the bathroom needed better upkeep.
341,15,3,monsoon,Labiba,26,Cumilla,Cloud Chaser,hill,medium,the cool weather and cloud views,"rough, poorly maintained roads up",install proper restrooms at the viewpoints,Yes,Family,4,7/12/2025,Yes,Mid-range Hotel,The Old Dhaka Hill Resort,"Decent stay overall, room was okay but a bit noisy at night."
342,1,4,any,Nusrat,29,Sylhet,Chai & Chill,tea-garden,medium,the smell of fresh tea leaves,Almost nothing to complain about.,"Keep it as it is, maybe add more benches.",Yes,Solo,1,9/12/2025,Yes,Guest House,Hotel Saint Martin's Island Green Leaf Cottage,"Great value for the price, quiet and well maintained."
343,37,5,monsoon,Rezwan,25,Rangpur,Cloud Chaser,hill,high,the quiet hillside trails,Almost nothing to complain about.,Just add a few more trash bins.,Yes,Friends,2,3/23/2026,Yes,Mid-range Hotel,City Meghla Tourist Complex Cloud Nine Cottage,"Great value for the price, quiet and well maintained."
344,52,3,summer,Sifat,25,Khulna,Waterfall Hunter,waterfall,low,swimming in the cold water,slippery rocks with no railing,limit visitor numbers during peak hours,Maybe,Solo,3,4/15/2025,Yes,Mid-range Hotel,Hotel Mongla Forest Retreat,"Staff were helpful, though check-in took longer than expected."
345,65,4,summer,Ovi,23,Narayanganj,Beach Baddie,beach|island,medium,the sunset over the water,"Nothing major, just some crowd noise.",Just add a few more trash bins.,Yes,Solo,1,5/15/2026,No,Day trip (no stay),,
346,30,4,winter,Ishrat,29,Dhaka,Cloud Chaser,hill,medium,the quiet hillside trails,Almost nothing to complain about.,Could use a small info center.,Yes,Partner,1,10/23/2025,Yes,Guest House,City Comilla Cloud Nine Cottage,"Clean rooms, friendly staff, and great location - would stay again."
347,35,2,summer,Ruponti,20,Barishal,Off-Grid Wanderer,island|wetland,low,the untouched coastline,expensive private boat fares,cap private boat fares,No,Friends,1,1/26/2025,No,Day trip (no stay),,
348,2,3,summer,Piyal,20,Cumilla,Off-Grid Wanderer,island|wetland,high,the peace and quiet,expensive private boat fares,cap private boat fares,Yes,Friends,1,6/7/2026,Yes,Guest House,Hill View Sajek Valley Coastal Inn,"Average experience, breakfast options were limited."
349,22,2,any,Nusrat,26,Rajshahi,Beach Baddie,beach|island,low,the fresh seafood nearby,aggressive hawkers,enforce stricter littering fines,Maybe,Partner,3,11/11/2025,Yes,Mid-range Hotel,Sea Pearl Chimbuk Hill Shore Palace,"Overpriced for what you actually get, quite disappointing."
350,42,3,summer,Piyal,21,Mymensingh,Jungle Junkie,forest|wetland,medium,the wildlife spotting,mosquitoes were unbearable,improve trail markers,Maybe,Partner,2,7/26/2026,Yes,Budget Hotel,Hotel Netrokona Nature Camp,Location was convenient but the room could use some updating.
351,12,4,winter,Nowshin,24,Mymensingh,Heritage Nerd,heritage,medium,the guided storytelling,"A few minor inconveniences, nothing serious.",Could use a small info center.,Yes,,4,2/4/2026,Yes,Resort,Sea Pearl Paharpur Palace Guest House,"Loved the view from the room, staff went out of their way to help."
352,31,2,any,Tonmoy,23,Narayanganj,Jungle Junkie,forest|wetland,low,the wildlife spotting,trail markers were confusing,improve trail markers,Maybe,Family,2,7/27/2026,Yes,Cottage,The Madhabkunda Waterfall Jungle Lodge,"Booking didn't match what was shown online, felt misled."
353,56,2,any,Tasnim,26,Sylhet,Street Food Explorer,,low,the scenery from the viewpoint,overcrowded viewpoints on weekends,improve road maintenance for the monsoon season,No,Friends,2,7/18/2026,Yes,Guest House,Royal Dinajpur Highland Inn,"Room wasn't as clean as expected, wouldn't book again."
354,26,3,,Ishika,24,Sylhet,Chai & Chill,tea-garden,high,the endless green fields,long drive with no rest stops,allow self-guided walking sections,Maybe,Family,3,1/6/2025,Yes,Mid-range Hotel,Golden Kantajew Temple Tea Garden Resort,Bed was comfortable but the bathroom needed better upkeep.
355,36,5,winter,Nusrat,24,Barishal,Beach Baddie,beach|island,medium,the wide open sand,"Nothing major, just some crowd noise.",Just add a few more trash bins.,Yes,Family,2,3/9/2026,Yes,Guest House,Sea Pearl Patenga Beach Beach Resort,"Great value for the price, quiet and well maintained."
356,36,3,monsoon,Sumaiya,22,Narayanganj,Heritage Nerd,heritage,medium,the guided storytelling,entry fee felt overpriced,invest in proper restoration work,Maybe,Friends,3,12/12/2025,Yes,Mid-range Hotel,Golden Patenga Beach Heritage Inn,"Decent stay overall, room was okay but a bit noisy at night."
357,34,4,monsoon,Lamia,28,Bogura,Beach Baddie,beach|island,medium,the wide open sand,"A few minor inconveniences, nothing serious.",Just add a few more trash bins.,Yes,Solo,4,3/10/2026,Yes,Mid-range Hotel,Sea Pearl Barind Museum & Varendra Research Beach Resort,"Spacious room, fast wifi, and very responsive front desk."
358,5,3,summer,Sifat,27,Cumilla,Waterfall Hunter,waterfall,low,the sound of the falls,slippery rocks with no railing,,Maybe,Partner,2,4/6/2026,Yes,Guest House,River View Sundarbans Falls View Cottage,"Staff were helpful, though check-in took longer than expected."
359,8,4,any,Proma,27,,Off-Grid Wanderer,island|wetland,medium,the peace and quiet,"A few minor inconveniences, nothing serious.",Just add a few more trash bins.,Yes,Friends,2,7/10/2025,Yes,Budget Hotel,Royal Ratargul Swamp Forest Island Resort,"Loved the view from the room, staff went out of their way to help."
360,60,3,winter,Shanto,18,Khulna,Beach Baddie,beach|island,low,the wide open sand,overpriced beachside food,,Yes,Partner,4,3/19/2026,Yes,Resort,Royal Feni Bay Residence,"Decent stay overall, room was okay but a bit noisy at night."
361,56,3,any,Nowshin,,,Chai & Chill,tea-garden,high,the endless green fields,limited entry without a guide,add rest stops along the route,Maybe,Partner,2,7/6/2026,Yes,Budget Hotel,River View Dinajpur Tea Garden Resort,Bed was comfortable but the bathroom needed better upkeep.
362,30,2,winter,Nowshin,24,Rangpur,Street Food Explorer,,medium,the floating market vibe,muddy access paths,improve the access path,Maybe,Friends,1,7/12/2026,No,Day trip (no stay),,
363,16,4,any,Rakib,25,Rangpur,Off-Grid Wanderer,island|wetland,low,the untouched coastline,"A few minor inconveniences, nothing serious.","Keep it as it is, maybe add more benches.",Yes,Partner,5,3/13/2025,Yes,Luxury Hotel,Hotel Lalbagh Fort Island Resort,"Spacious room, fast wifi, and very responsive front desk."
364,29,4,summer,Mim,21,Rangpur,Heritage Nerd,heritage,medium,the intricate carvings,"A few minor inconveniences, nothing serious.","Keep it as it is, maybe add more benches.",Yes,Friends,4,4/4/2025,Yes,Resort,Hill View Panam Nagar Heritage Inn,"Clean rooms, friendly staff, and great location - would stay again."
365,46,2,any,Farhan,29,Dhaka,Cloud Chaser,hill,low,the scenery from the viewpoint,"rough, poorly maintained roads up",improve road maintenance for the monsoon season,Maybe,Solo,3,7/14/2025,Yes,Mid-range Hotel,Royal Cox's Bazar Valley View Lodge,"Room wasn't as clean as expected, wouldn't book again."
366,1,4,winter,Naima,19,Narayanganj,Waterfall Hunter,waterfall,medium,the trek through the forest to reach it,"A few minor inconveniences, nothing serious.","Keep it as it is, maybe add more benches.",Yes,,4,3/19/2026,Yes,Resort,Sea Pearl Saint Martin's Island Falls View Cottage,"Great value for the price, quiet and well maintained."
367,55,3,summer,Tanvir,18,Chattogram,Waterfall Hunter,waterfall,,swimming in the cold water,slippery rocks with no railing,regulate vendor pricing,Yes,Family,2,7/23/2026,Yes,Cottage,Hill View Naogaon Nature Lodge,"Staff were helpful, though check-in took longer than expected."
368,62,2,any,Zarin,26,Khulna,Jungle Junkie,forest|wetland,low,the fresh air and greenery,trail markers were confusing,add more basic facilities,No,Partner,1,8/20/2025,Yes,Budget Hotel,The Dhaka Jungle Lodge,"AC barely worked and the walls were thin, could hear everything."
369,38,3,winter,Ishrat,22,Cumilla,Jungle Junkie,forest|wetland,medium,the fresh air and greenery,very limited facilities,add more basic facilities,Yes,Friends,4,8/10/2025,Yes,Mid-range Hotel,Royal Baldha Garden Jungle Lodge,"Average experience, breakfast options were limited."
370,23,3,summer,Anika,30,Chattogram,Heritage Nerd,heritage,medium,the history and old architecture,lack of proper signage/history info,,Yes,Family,2,2/16/2025,Yes,Budget Hotel,City Kaptai National Park Old Town Residency,
371,21,4,any,Shovon,29,Barishal,Cloud Chaser,hill,medium,the scenery from the viewpoint,"A few minor inconveniences, nothing serious.",Just add a few more trash bins.,Yes,Partner,4,12/16/2025,Yes,Resort,Sea Pearl Nilgiri Hills Hill Resort,"Spacious room, fast wifi, and very responsive front desk."
372,27,4,summer,Tanvir,18,Dhaka,Cloud Chaser,hill,low,the scenery from the viewpoint,Almost nothing to complain about.,A little more parking would help.,Yes,Friends,2,4/5/2026,Yes,Cottage,Royal Nijhum Dwip Highland Inn,"Clean rooms, friendly staff, and great location - would stay again."
373,39,3,winter,Mahin,24,Dhaka,Heritage Nerd,heritage,medium,the guided storytelling,poorly maintained restoration,invest in proper restoration work,Maybe,Solo,2,5/25/2025,Yes,Mid-range Hotel,Hotel Hazrat Shahjalal Mazar Old Town Residency,
374,19,3,winter,Ovi,18,Mymensingh,Jungle Junkie,forest|wetland,medium,the birdsong in the morning,very limited facilities,provide mosquito repellent at entry,Yes,Partner,2,6/20/2025,Yes,Mid-range Hotel,Sea Pearl Lawachara National Park Jungle Lodge,Bed was comfortable but the bathroom needed better upkeep.
375,18,3,summer,Rudro,27,Rajshahi,Waterfall Hunter,waterfall,low,the sound of the falls,too crowded during peak season,regulate vendor pricing,Maybe,Partner,4,9/12/2025,Yes,Mid-range Hotel,Green Srimangal Forest Retreat,"Average experience, breakfast options were limited."
376,14,3,any,Promi,21,Khulna,Beach Baddie,beach|island,low,the sunset over the water,litter left by other tourists,add designated food stalls with fixed prices,Maybe,Family,4,7/19/2026,Yes,Luxury Hotel,Grand Sonargaon Beach Resort,Bed was comfortable but the bathroom needed better upkeep.
377,36,4,monsoon,Afra,19,Noakhali,Jungle Junkie,,medium,swimming in the cold water,Just wished it was less busy.,"Keep it as it is, maybe add more benches.",Yes,Family,1,3/11/2025,No,Day trip (no stay),,
378,45,5,monsoon,Rafi,22,Rajshahi,Waterfall Hunter,waterfall,medium,swimming in the cold water,Almost nothing to complain about.,Could use a small info center.,Yes,Partner,5,12/25/2025,Yes,Mid-range Hotel,Royal Rangamati Forest Retreat,"Comfortable stay, breakfast was good, checked in without any hassle."
379,50,5,monsoon,Fariha,29,Mymensingh,Beach Baddie,beach|island,low,the fresh seafood nearby,"Nothing major, just some crowd noise.",,Yes,Solo,5,7/3/2026,Yes,Mid-range Hotel,City Mymensingh Shore Palace,"Spacious room, fast wifi, and very responsive front desk."
380,13,1,winter,Imran,28,Khulna,Cloud Chaser,hill,medium,the cool weather and cloud views,overcrowded viewpoints on weekends,add more resting benches along the trail,Maybe,Partner,1,6/23/2026,Yes,Guest House,Grand Mahasthangarh Cloud Nine Cottage,"Overpriced for what you actually get, quite disappointing."
381,42,4,any,Sifat,18,Rajshahi,Waterfall Hunter,waterfall,medium,the sound of the falls,"A few minor inconveniences, nothing serious.",A little more parking would help.,Yes,Solo,2,8/10/2025,Yes,Guest House,City Netrokona Falls View Cottage,"Loved the view from the room, staff went out of their way to help."
382,51,2,monsoon,Farhan,23,Narayanganj,Waterfall Hunter,waterfall,low,the trek through the forest to reach it,slippery rocks with no railing,regulate vendor pricing,No,Friends,4,10/23/2025,Yes,Mid-range Hotel,Grand Sherpur Nature Lodge,"AC barely worked and the walls were thin, could hear everything."
383,31,4,monsoon,Shanto,19,,Cloud Chaser,,low,the untouched coastline,Almost nothing to complain about.,Could use a small info center.,Yes,Partner,5,8/11/2025,Yes,Mid-range Hotel,Grand Madhabkunda Waterfall Island Resort,"Clean rooms, friendly staff, and great location - would stay again."
384,10,3,monsoon,Sumaiya,29,Mymensingh,Heritage Nerd,heritage,low,the history and old architecture,poorly maintained restoration,invest in proper restoration work,Yes,Friends,2,10/1/2025,Yes,Budget Hotel,Sea Pearl Jaflong Old Town Residency,"Average experience, breakfast options were limited."
385,59,3,summer,Nusrat,20,Dhaka,Waterfall Hunter,waterfall,high,the trek through the forest to reach it,slippery rocks with no railing,regulate vendor pricing,Maybe,Friends,3,10/17/2025,Yes,Mid-range Hotel,River View Moulvibazar Nature Lodge,Bed was comfortable but the bathroom needed better upkeep.
386,12,2,monsoon,Ayan,18,Cox's Bazar,Off-Grid Wanderer,island|wetland,low,the boat ride over,very few food options,cap private boat fares,No,Friends,2,11/8/2025,Yes,Guest House,Sea Pearl Paharpur Island Resort,"AC barely worked and the walls were thin, could hear everything."
387,33,3,summer,Ayan,18,Cox's Bazar,Jungle Junkie,forest|wetland,medium,the wildlife spotting,mosquitoes were unbearable,improve trail markers,Maybe,Friends,2,7/9/2025,Yes,Cottage,River View Teknaf Nature Camp,Bed was comfortable but the bathroom needed better upkeep.
388,9,4,winter,Sabbir,29,Chattogram,Off-Grid Wanderer,island|wetland,low,the untouched coastline,Almost nothing to complain about.,A little more parking would help.,Yes,Family,2,4/9/2026,Yes,Cottage,Grand Bisnakandi Island Resort,"Spacious room, fast wifi, and very responsive front desk."
389,57,3,monsoon,Arman,32,Chattogram,Beach Baddie,beach|island,medium,the sunset over the water,overpriced beachside food,add designated food stalls with fixed prices,Maybe,Partner,2,8/15/2025,Yes,Cottage,River View Gaibandha Sea View,"Decent stay overall, room was okay but a bit noisy at night."
390,16,4,summer,Tasnim,20,,Waterfall Hunter,waterfall,medium,the sound of the falls,"Nothing major, just some crowd noise.","Keep it as it is, maybe add more benches.",Yes,Family,2,11/23/2025,Yes,Guest House,City Lalbagh Fort Forest Retreat,
391,25,3,monsoon,Rezwan,19,Jessore,Beach Baddie,beach|island,low,the sunset over the water,aggressive hawkers,increase beach cleaning frequency,Maybe,Family,4,9/21/2025,Yes,Resort,Green Sitakunda Eco Park Bay Residence,Location was convenient but the room could use some updating.
392,64,3,monsoon,Mim,20,Dhaka,Chai & Chill,,medium,the boat ride over,unreliable boat schedules,cap private boat fares,Maybe,Family,1,6/17/2026,Yes,Guest House,Hill View Dhaka Beach Cottage,Location was convenient but the room could use some updating.
393,10,4,summer,Farhan,23,Barishal,Waterfall Hunter,,medium,the history and old architecture,Almost nothing to complain about.,"Keep it as it is, maybe add more benches.",Yes,Friends,3,8/15/2025,Yes,Cottage,Sea Pearl Jaflong Palace Guest House,
394,7,3,any,Labiba,28,Dhaka,Waterfall Hunter,waterfall,low,swimming in the cold water,slippery rocks with no railing,limit visitor numbers during peak hours,Yes,Friends,1,7/18/2025,No,Day trip (no stay),,
395,33,4,any,Tanvir,,Gazipur,Jungle Junkie,forest|wetland,low,the wildlife spotting,Almost nothing to complain about.,Just add a few more trash bins.,Yes,Friends,1,6/2/2025,No,Day trip (no stay),,
396,20,3,summer,Piyal,28,Rangpur,Off-Grid Wanderer,island|wetland,high,the peace and quiet,unreliable boat schedules,add more food stalls,Yes,Family,4,10/27/2025,Yes,Resort,City Himchari National Park Beach Cottage,Location was convenient but the room could use some updating.
397,35,4,any,Sadia,21,Mymensingh,Jungle Junkie,forest|wetland,high,the birdsong in the morning,Almost nothing to complain about.,A little more parking would help.,Yes,Family,2,3/22/2025,Yes,Budget Hotel,Royal Foy's Lake Nature Camp,"Spacious room, fast wifi, and very responsive front desk."
398,5,3,monsoon,Fariha,21,Mymensingh,Street Food Explorer,urban,low,how walkable everything was,heavy traffic and noise,reduce entry congestion during rush hour,Maybe,Family,1,3/5/2025,Yes,Guest House,City Sundarbans City Residency,Location was convenient but the room could use some updating.
399,51,4,winter,Sumaiya,,Rangpur,Off-Grid Wanderer,island|wetland,medium,the boat ride over,Just wished it was less busy.,"Keep it as it is, maybe add more benches.",Yes,,4,7/9/2026,Yes,Mid-range Hotel,Royal Sherpur Coastal Inn,
400,48,3,any,Labiba,22,Khulna,Heritage Nerd,heritage,high,the history and old architecture,lack of proper signage/history info,review the entry fee structure,Maybe,Family,4,6/11/2025,Yes,Luxury Hotel,Hill View Gazipur Heritage Inn,"Decent stay overall, room was okay but a bit noisy at night."
401,36,2,summer,Arman,28,Rajshahi,Chai & Chill,tea-garden,low,the seven-layer tea stalls,limited entry without a guide,allow self-guided walking sections,Maybe,Solo,1,4/18/2025,No,Day trip (no stay),,
402,28,3,winter,Orin,21,,Chai & Chill,tea-garden,low,the endless green fields,long drive with no rest stops,manage weekend crowd flow better,Yes,Partner,4,9/16/2025,Yes,Resort,Green Char Kukri Mukri Garden View Inn,"Decent stay overall, room was okay but a bit noisy at night."
403,42,3,summer,Farhan,19,Sylhet,Jungle Junkie,forest|wetland,medium,the birdsong in the morning,mosquitoes were unbearable,add more basic facilities,Yes,Partner,5,3/15/2026,Yes,Mid-range Hotel,Hill View Netrokona Nature Camp,Location was convenient but the room could use some updating.
404,10,3,summer,Sabbir,31,,Chai & Chill,tea-garden,medium,the endless green fields,limited entry without a guide,add rest stops along the route,Maybe,Partner,2,6/22/2026,Yes,Mid-range Hotel,Sea Pearl Jaflong Green Leaf Cottage,"Average experience, breakfast options were limited."
405,38,3,summer,Ishrat,30,Dhaka,Chai & Chill,tea-garden,low,the smell of fresh tea leaves,long drive with no rest stops,add rest stops along the route,Maybe,,5,2/18/2025,Yes,Resort,Grand Baldha Garden Garden View Inn,"Decent stay overall, room was okay but a bit noisy at night."
406,19,3,any,Rezwan,23,Khulna,Cloud Chaser,hill,high,the quiet hillside trails,overcrowded viewpoints on weekends,improve road maintenance for the monsoon season,Yes,Partner,4,7/27/2026,Yes,Resort,Golden Lawachara National Park Valley View Lodge,"Average experience, breakfast options were limited."
407,62,4,any,Zarin,18,Rajshahi,Chai & Chill,tea-garden,medium,the endless green fields,"Nothing major, just some crowd noise.",Just add a few more trash bins.,Yes,Partner,2,6/28/2025,Yes,Budget Hotel,River View Dhaka Tea Garden Resort,"Comfortable stay, breakfast was good, checked in without any hassle."
408,10,4,winter,Imran,21,Bogura,Waterfall Hunter,waterfall,medium,the trek through the forest to reach it,"Nothing major, just some crowd noise.",Could use a small info center.,Yes,Family,1,6/17/2026,Yes,Guest House,Sea Pearl Jaflong Forest Retreat,"Comfortable stay, breakfast was good, checked in without any hassle."
409,19,2,winter,Mim,31,Sylhet,Beach Baddie,beach|island,low,the fresh seafood nearby,overpriced beachside food,enforce stricter littering fines,Maybe,Family,1,3/20/2026,Yes,Budget Hotel,Green Lawachara National Park Shore Palace,"Room wasn't as clean as expected, wouldn't book again."
410,47,4,any,Ovi,24,Khulna,Jungle Junkie,forest|wetland,low,the birdsong in the morning,Almost nothing to complain about.,A little more parking would help.,Yes,Partner,3,5/1/2026,Yes,Mid-range Hotel,Hill View Gazipur Jungle Lodge,"Spacious room, fast wifi, and very responsive front desk."
411,37,4,winter,Rezwan,26,Jessore,Jungle Junkie,forest|wetland,low,the birdsong in the morning,"A few minor inconveniences, nothing serious.","Keep it as it is, maybe add more benches.",Yes,Solo,3,8/10/2025,Yes,Resort,Hill View Meghla Tourist Complex Nature Camp,"Great value for the price, quiet and well maintained."
412,10,4,any,Fahim,19,Noakhali,Chai & Chill,tea-garden,medium,the smell of fresh tea leaves,"Nothing major, just some crowd noise.",Could use a small info center.,Yes,Partner,1,7/15/2026,Yes,Guest House,Hill View Jaflong Garden View Inn,"Loved the view from the room, staff went out of their way to help."
413,58,2,monsoon,Tanvir,30,,Street Food Explorer,urban,low,how walkable everything was,heavy traffic and noise,reduce entry congestion during rush hour,No,Solo,3,2/28/2026,Yes,Mid-range Hotel,Sea Pearl Habiganj Downtown Suites,
414,37,3,monsoon,Promi,18,Mymensingh,Jungle Junkie,forest|wetland,medium,the fresh air and greenery,very limited facilities,provide mosquito repellent at entry,Maybe,Family,2,5/14/2025,Yes,Mid-range Hotel,Golden Meghla Tourist Complex Eco Resort,Location was convenient but the room could use some updating.
415,58,4,summer,Ayan,18,Rajshahi,Chai & Chill,tea-garden,low,the smell of fresh tea leaves,"A few minor inconveniences, nothing serious.",Just add a few more trash bins.,Yes,Family,2,1/8/2026,Yes,Guest House,City Habiganj Tea Garden Resort,"Comfortable stay, breakfast was good, checked in without any hassle."
416,61,4,,Nabila,20,Cox's Bazar,Cloud Chaser,hill,high,the scenery from the viewpoint,Just wished it was less busy.,Just add a few more trash bins.,Yes,Partner,2,6/17/2026,Yes,Mid-range Hotel,Golden Chattogram Hill Resort,"Spacious room, fast wifi, and very responsive front desk."
417,53,5,any,Nafis,26,Sylhet,Heritage Nerd,heritage,low,the guided storytelling,"Nothing major, just some crowd noise.",Could use a small info center.,Yes,Friends,3,9/16/2025,Yes,Mid-range Hotel,Green Kushtia Heritage Inn,"Spacious room, fast wifi, and very responsive front desk."
418,26,3,monsoon,Mim,21,Bogura,Off-Grid Wanderer,island|wetland,low,the peace and quiet,unreliable boat schedules,fix the boat departure schedule,Yes,Friends,2,5/6/2026,Yes,Budget Hotel,Royal Kantajew Temple Beach Cottage,Bed was comfortable but the bathroom needed better upkeep.
419,56,4,summer,Mahfuz,19,Dhaka,Street Food Explorer,urban,medium,the old architecture,Almost nothing to complain about.,Could use a small info center.,Yes,Friends,3,1/3/2026,Yes,Resort,Golden Dinajpur Downtown Suites,"Great value for the price, quiet and well maintained."
